product_id,product_name,basic_weight,price,cs_id,m_name,m_grade,col_num,color,torisu,cycle,flag_multi_cs,primary_p,gaityu,genjyou,update_at
071413-0660,W004,2,,30001,PBT,2002,ED3002,黒,,,0,0,1,0,
071413-0670,W003,1,,30001,PBT,2002,ED3002,黒,,,0,0,1,0,
113884,シールド板A,30,,30019,PA,PARGE,MA2,N,,,0,0,0,0,
113885-01,シールド板B,30,,30019,PA,PARGE,MA2,N,,,0,0,0,0,
20001,BOBBIN-INK,28.5,,20001,PS,HT60,RH27,RH27,,,0,0,,1,
20002,TU-R,3.12,,20001,PS,HT60,RH27,RH27,,,0,0,,1,
20003,SP-R,8.45,,20001,PS,HT60,RH27,RH27,,,0,0,,1,
20004,SP-L,6.7,,20001,PS,HT60,RH27,RH27,,,0,0,,1,
20101006,ボビン,24.3,,20001,PS,HT60,RH27,RH27,,,0,0,,1,
3-624-132ZZ,スプールキャップ,2.33,,20001,POM,M90-44,7-17-10509,その他,,,0,0,,1,
3052-07548-01-,シャワーガン,55,,30005,PP,BC03B,N,黒,,,0,0,1,0,
3052-07680-00,ミキシングボール,46.8,,10001,PA,MX004(TPX),N,N,,,0,0,,1,
3053-05-136-01,インレットエルボ,9.5,,30005,PP,301-10,N,N,,,0,0,,1,
3053-05135-02,ポンプカバー,68.28,,30005,PC,303-15-030004,N,N,,,0,0,,0,
3053-07550-00,ストッパー,2.44,,30005,PS,AH60,9001BK,黒,,,0,0,0,0,
3053-07552-00,シャワーガン部品,5,,30005,PP,BC03B,N,黒,,,0,0,0,0,
353-07553-00,ハンドル,3.8,,30005,PS,AH60,9001BK,黒,,,0,0,0,0,
381332,電極ベース,54,,30019,ABS,GA110-G20,N,グレー,,,0,0,0,0,
381333,P.U.グリップ(F),125,,30019,ABS,ABS100-322,N,黄,,,0,0,0,0,
381334,P.U.グリップ(R),125,,30019,ABS,ABS100-322,N,黄,,,0,0,0,0,
381335,グリップエンド,54,,30019,ABS,GA110-G20,N,グレー,,,0,0,0,0,
5J042-52352,プーリ,27.2,,30013,POM,M90-44,CF2001,N,,,0,0,,0,
6-7-M4T,真鍮アヤメローレット,1,,99999,PP,BC03B,N,N,,,0,0,1,0,
9999,ウエストボビン,150,,30017,PA,A-125,N,N,,,0,0,,0,
A106,ケーシングエンド,2.58,,30001,POM,M90-44,CF2001,黒,,,0,0,,0,
AWW003P3EK00,アシ?イタU,33,,10002,PP,BC03B,N,N,,,0,0,0,0,
AWW003P3EK01,アシトリツケイタU,33,,10002,PP,BC03B,N,N,,,,0,0,0,
AWW003PA0X00,アシトリツケイタU,30.2,,10002,PP,AW564,N,黒,,,,0,1,0,
AWW0110A01H0,ハンガー,17.59,,10002,PP,M100,GRAY,グレー,,,0,0,0,0,
AWW0110A01T0,ハンガー（ベージュ）,17.59,,10002,PP,AZ764F5,N,その他,,,0,1,0,0,
AWW0110A01W0,ハンガー（白）,17.3,,10002,PP,AZ764F5,N,白,,,0,1,0,0,
AWW0110A0CH0,ハンガ,17,,10002,PP,AZ764F5,N,その他,,,0,1,0,0,
AWW0195A1Z00,チョウバントリツケイタA,9.7,,10002,POM,F20-03,N,N,,,,1,0,0,
AWW031NA0CH0,ネジセットU,1.65,,10002,PP,AZ764F5,N,白,,,0,1,1,0,
AWW031NA0CW0,ネジセットU,1.65,,10002,PP,AZ764F5,N,グレー,,,0,1,1,0,
AWW03393EK00,アシゴム,20,,10002,PP,BC03B,N,N,,,0,0,0,0,
AWW03393EK01,アシゴム,20,,10002,PP,BC03B,N,N,,,,0,0,0,
AWW0339A0X00,アシゴム,21,,10002,PP,AW564,N,N,,,0,0,0,0,
AWW0970A0CH0,スペーサ,0.07,,10002,PP,AZ764F5,N,白,,,0,1,0,0,
AWW0970A0CW0,スペーサ,0.07,,10002,PP,AZ764F5,N,白,,,0,1,0,0,
AWW1096A1ZJ0,フタサッシA(シャンパン),16.7,,10002,PP,AZ764F5,N,その他,,,,1,0,0,
AWW1096A1ZS0,フタサッシA,25,,10002,PP,AZ764F5,N,グレー,,,,0,0,0,
AWW1096A1ZT0,フタサッシA(ブラウン),16.7,,10002,PP,AZ764F5,N,その他,,,,1,0,0,
AWW1096A1ZW0,フタサッシA(ホワイト),16.7,,10002,PP,AZ764F5,N,白,,,,1,0,0,
AWW1097A1ZJ0,フタサッシB(シャンパン),22,,10002,PP,AZ764F5,N,その他,,,,1,0,0,
AWW1097A1ZS0,フタサッシB,15,,10002,PP,AZ764F5,N,グレー,,,,0,0,0,
AWW1097A1ZT0,フタサッシB(ブラウン),22,,10002,PP,AZ764F5,N,その他,,,,1,0,0,
AWW1097A1ZW0,フタサッシB(ホワイト),22,,10002,PP,AZ764F5,N,白,,,,1,0,0,
AWW1238A1900,ボウスイカバー,40.55,,10002,PP,M100K-P,N,黒,,,0,1,0,0,
AWW2103A1Z00,フタチョウバンザガネ,3.25,,10002,POM,NW-02,N,N,,,,1,0,0,
AWW2111A0CH0,ビスキャップ,0.09,,10002,PP,AZ764F5,N,グレー,,,0,1,0,0,
AWW2111A0CW0,ビスキャップ,0.09,,10002,PP,AZ764F5,N,白,,,0,1,0,0,
AWW2131A0C00,ラッチA,9.18,,10002,POM,NW-02,N,N,,,0,1,0,0,
B-50,プーリー,27.2,,30013,POM,M90-44,CF2001,N,,,0,0,,1,
BB00837-Z00-2,砥石ホルダー,0.72,,30010,PA,NT400,MPN108688,その他,,,0,0,1,0,
BON-CO-20002,CO-A4ボビン,60,,20001,PS,HT60,SPAB-851HC,黒,2,33,0,1,,0,2016/8/18 17:09:08
BON-CO-2002,COA4ボビン,60,,20001,PS,HT60   ,SPAB-851HC,黒,,,0,0,,1,
BON-CS-20004,ボビン（エンジ）,185.5,,20001,ABS,ABS500,SAS-100660,赤,,,0,0,,1,
BON-CS-20008,ボビンS（イエロー）,28.55,,20001,ABS,ABS500,4-14-9324,黄,,,0,0,,1,
BON-CS-20009,ボビンS（ブルー）,28.55,,20001,ABS,ABS500,4-21-19264,青,,,0,0,,1,
BON-CS-20010,ボビンS（コン）,28.55,,20001,ABS,ABS500,4-21-19266,その他,,,0,0,,1,
BON-CS-20011,ボビンF（グリーン）,25.5,,20001,ABS,ABS500,4-22-16420,緑,,,0,0,,1,
BON-CS-20012,ボビン（ブラック）,185.5,,20001,ABS,ABS500,SPAB-851HC,黒,,,0,0,,1,
BON-CS-20013,フランジボビン(ホワイト),28.55,,20001,ABS,ABS500,SAS-108491,白,,,0,0,,1,
BON-CS-20014,CS-C8NXFボビンSグレー,28.55,,20001,ABS,ABS500,SAS-108490,グレー,,,0,0,,1,
BON-DFL-20001,LCS-STDﾎﾞﾋﾞﾝ,24,,20001,PS,HT60,RH27,RH27,,,0,0,0,1,
BON-EX-20014,EX-STD-FボビンSカイ2,45.53,,20001,PS,H450,N,N,4,30,0,1,0,0,2016/8/18 17:09:08
BON-EX-20015,EX-STD-FボビンTカイ2,45.72,,20001,PS,H450,N,N,4,30,0,1,0,0,2016/8/18 17:09:08
BON-HG5-20024,UPC-510スプール(T),23,,20001,PS,H8765,N,N,2,10,0,1,0,0,2016/8/18 17:09:08
BON-HG5-20025,UPC-510スプール（S）,22.2,,20001,PS,H8765,N,N,2,10,0,1,0,0,2016/8/18 17:09:08
BON-IA-20002,CVS-Sﾎﾞﾋﾞﾝ68xx(180),47,,20001,PS,HT60,RH27,RH27,,,0,0,0,1,
BON-IA-20003,CVS-Sﾎﾞﾋﾞﾝ70xx(191),50,,20001,PS,HT60,RH27,RH27,,,0,0,0,1,
BON-IA-20004,CVS-Tボビン6ｲﾝﾁﾖｳ(169),44,,20001,PS,HT60,RH27,RH27,,,0,0,0,1,
BON-IA-20005,CVS-Sボビン88xx(240),63.2,,20001,PS,HT60,RH27,RH27,,,0,0,0,1,
BON-IA-20006,CVS-Tボビン8ｲﾝﾁﾖｳ(244),64.3,,20001,PS,HT60,RH27,RH27,,,0,0,0,1,
BON-MD-20015,MD-CP30ボビン,4.7,,20001,PS,H8765,SPAB851HC,黒,2,22,0,1,,0,2016/8/18 17:09:08
BON-MD-20018,MD-SPA-ボビン,28.6,,20001,PS,HT60,RH27,RH27,,,0,0,,1,
BON-MD-20018A,MD-SPA-ボビン,28.7,,20001,PS,HT60,RH27,N,,,0,0,0,1,
BON-MD-20023,MD-SPA-ボビン カイ1,28.64,,20001,PS,HT60,RH27,N,6,27,0,1,0,0,2016/8/18 17:09:08
BON-MD-20025,MD-8インチボビン(240),66.7,,20001,PS,HT60,RH27,N,,,0,1,0,0,
BON-NDS-20001,NDS-カードボビン,18.5,,20001,PS,HT60,RH27,RH27,1,25,0,1,,0,2016/8/18 17:09:08
BON-NDS-20002,NDS-カセットヨウボビン,21.6,,20001,PS,HT60,RH27,RH27,1,48,0,1,1,0,2016/8/18 17:09:08
BON-PCC-20001,PCC-P×1ボビン,2.67,,20001,PS,SH57,SPAB-851HC,黒,4,30,0,0,,0,2016/8/18 17:09:08
BON-SG-20003,SG-AZURボビン（T）グレー,9.98,,20001,PS,SH57,SAS-104151,グレー,2,32,0,0,,0,2016/8/18 17:09:08
BON-SG-20004,SG-AZUR5ボビン（S）グレー,9.98,,20001,PS,SH57,SAS-104151,グレー,2,33,0,0,,0,2016/8/18 17:09:08
BON-SO-20024,HG5ボビン(T)セット(ピンク)カイ2,44.1,,20001,PS,H8765,N,N,2,30,0,1,,0,2016/8/18 17:09:08
BON-SO-20025,HG5ボビン（S）セット（ピンク）カイ3,44.1,,20001,PS,LH8765,N,N,2,30,0,1,,0,2016/8/18 17:09:08
BON-SO-20026,HG5ボビンTセットオレンジカイ2,44.1,,20001,PS,LH8765,7-15-6591,その他,,,0,0,,1,
BON-SO-20027,HG5ボビンSセットオレンジカイ3,44.1,,20001,PS,LH8765,7-15-6591,その他,,,0,0,,1,
BON-UR-20011,UR-EnduraボビンS,17,,20001,ABS,ABS700,CABS-105504,青,,,0,0,,1,
BON-UR-20012,UR-EnduraボビンT,15.45,,20001,ABS,ABS700,CABS-105552,白,1,21,0,1,1,0,2016/8/18 17:09:08
CAC411057BK1,サイドカバー,0,,30006,PP,J-762HP,3-29-2827,黒,,,0,0,,1,
CAC411057YA1,サイドカバーグレー,0,,30006,PP,J-762HP,3-28-24778,グレー,,,0,0,,1,
CAS-MD-20009,MD-CP30カセットベース,14.6,,20001,ABS,ABS330,CABS-101647,グレー,1,24,0,1,,0,2016/8/18 17:09:08
CAS-MD-20010,MD-CP30カバーS3P,17.75,,20001,ABS,ABS330,SPAB-851HC,黒,1,,0,1,,0,
CAS-MD-20011,MD-CP30カバーL3P,17.73,,20001,ABS,ABS330,SPAB-851HC,黒,1,,0,1,,0,
CAS-MD-20012,MD-CP30カバーS4P,17.9,,20001,ABS,ABS330,SPAB-851HC,黒,1,,0,1,,0,
CAS-MD-20013,MD-CP30カバーL4P,17.95,,20001,ABS,ABS330,SPAB-851HC,黒,1,,0,1,,0,
CAS-MD-20014,MD-CP30カバーS3PAL,17.92,,20001,ABS,ABS330,SPAB-851HC,黒,1,,0,1,,0,
CAS-MD-20015,カバーカセットS3P,17.75,,20001,ABS,ABS330,SPAB-851HC,黒,1,26,0,1,,0,2016/8/18 17:09:08
CAS-MD-20016,カバーカセットL3P,17.73,,20001,ABS,ABS330,SPAB-851HC,黒,1,26,0,1,,0,2016/8/18 17:09:08
CAS-MD-20017,カバーカセットS4P,17.75,,20001,ABS,ABS330,N,黒,1,25,0,1,,0,2016/8/18 17:09:08
CAS-MD-20018,カバーカセットL4P,17.75,,20001,ABS,ABS330,N,黒,1,,0,1,,0,
CAS-MD-20019,カバーカセットS3PAL,17.92,,20001,ABS,ABS330,SPAB-851HC,黒,1,24,0,1,,0,2016/8/18 17:09:08
CAS-MD-20020,カバーカセット(L3P)OEM2,18,,20001,ABS,ABS330,SPAB-851HC,黒,1,24,0,1,,0,2016/8/18 17:09:08
CAS-MD20009,MD-CP30カセットベース,14.6,,20001,ABS,ABS330,CABS-101647,グレー,1,,0,0,,1,
CAS-NDS-20001,NDS-カセットCASE-1,111.6,,20001,ABS,ABS700,SPAB-851HC,黒,1,32,0,1,0,0,2016/8/18 17:09:08
CAS-NDS-20002,NDS-カセットCASE-2,40.5,,20001,ABS,ABS700,SPAB-851HC,黒,1,30,0,1,0,0,2016/8/18 17:09:08
CAS-PCC-20001,PCC-P×1カセットU　Lサイズ,11.9,,20001,ABS,ABS100-322,SPAB-851HC,黒,2,25,0,0,,0,2016/8/18 17:09:08
CAS-PCC-20002,PCC-P×1カセットU　PCサイズ,12,,20001,ABS,ABS100-322,SPAB-851HC,黒,2,25,0,0,,0,2016/8/18 17:09:08
CAS-PCC-20003,PCC-P×1カセットU　Wサイズ,12,,20001,ABS,ABS100-322,SPAB-851HC,黒,2,,0,0,,0,
CAS-PCC-20004,PCC-P×1カセットL,10.8,,20001,ABS,ABS100-322,SPAB-851HC,黒,2,23,0,0,,0,2016/8/18 17:09:08
CE0095,シャープ2006セイケイコア,33.5,,20002,PS,H350,N,N,,,0,0,,1,
CG-0827,MU10ケース,33,,30011,PC,D-1022,L1618,緑,,,0,0,0,0,
DG-01922,ツマミ,0.58,,30011,PS,HT60,RH27,黒,,,0,0,0,0,
F9MP161020,本体AB,64,,30003,ABS,ABS700,EX4-28-27436,グレー,,,0,0,,0,
F9MP161021,本体B,37,,30003,ABS,ABS700,EX4-28-27436,グレー,,,0,0,0,0,
F9MP161022,ガイド,2.9,,30003,ABS,ABS100-322,N,グレー,,,0,0,,0,
FBOC47-073-5,ザンサイフィルター,19.8,,30007,PP,OX766S,PK-60283,グレー,,,0,0,,1,
FD55-3010,ジュシファンネル,104,,30002,PP,BC03B,PK-62488,白,,,0,0,,1,
FJBHC00X1X,スティックマーカー本体キャップ茶色,10,,30003,PP,BC03B,N,その他,,,0,0,1,0,
FJBHC00X5X,スティックマーカー本体キャップ緑,28,,30003,PP,BC03B,N,緑,,,0,0,1,0,
FJBHC00X6X,スティックマーカーキャップ青色,9.98,,30003,PP,BC03B,3-21-16743,青,,,0,0,1,0,
FJBHC00XGX,スティックマーカーキャップ黄緑色,10,,30003,PP,BC03B,N,その他,,,0,0,0,0,
FJBHC00XSX,スティックマーカーキャップ水色,10,,30003,PP,BC03B,N,その他,,,0,0,1,0,
FJBHK00X1X,スティックマーカー本体ケース(茶）,27.5,,30003,PP,BC03B,PY-K2279-G,その他,,,0,0,1,0,
FJBHK00X5X,スティックマーカー本体ケース緑,10,,30003,PP,BC03B,N,緑,,,0,0,1,0,
FJBHK00X6X,スティックマーカーケース青,27.58,,30003,PP,BC03B,3-21-16743,青,,,0,0,1,0,
FJBHK00XGX,スティックマーカーケース黄緑色,28,,30003,PP,BC03B,N,その他,,,0,0,0,0,
FJBHK00XSX,スティックマーカーケース水色,28,,30003,PP,BC03B,N,その他,,,0,0,1,0,
FJBKC00X6X,スティックマーカー本体ケース（青）,27.5,,30003,PP,BC03B,3-21-16743,青,,,0,0,,1,
G-NDIA-04A,ユニオンナット,6.1,,30016,PP,V7000,N,N,,,0,0,1,0,
G-RGIA-04,コネクティングロット,6,,30016,PP,V7000,N,N,,,0,0,1,0,
G-RGIAO-04,コネクティングロッド,6.1,,30016,PP,V7000,N,N,,,0,0,1,1,
H0190-37710R,フタフック,27,,10002,ABS,ABS700,N,白,,,0,0,0,0,
H0193-44200,フタチョウバンジク,1.18,,10002,POM,F20-03,N,N,,,0,0,1,0,
H0509-34430,メタルA,16.11,,10002,POM,FW-24,N,N,2,30,0,0,,0,2016/8/18 17:09:08
H0514-37700X,キャップA,0.62,,10001,PP,AW564,N,その他,,,0,0,0,0,
H1191-27600,スイッチイタ,6.2,,10002,PP,AW564,N,N,,,0,0,,0,
H1193-34400D,ドアーキャッチA,1.57,,10002,POM,FX-11J,HK-54024,白,4,,0,0,1,0,
H1193-34400Z,ドアーキャッチA,1.54,,10002,POM,FX-11J,N,グレー,4,,0,0,0,0,
H1193-34410D,ドアーキャッチャA,1.57,,10002,POM,FX-11J,N,白,4,,0,0,0,0,
H1193-34420D,ドアキャッチA,1.57,,10002,POM,FX-11J,N,白,4,,0,0,0,0,
H1193-37810X,ドアーキャッチA,4.57,,10002,POM,FX-11J,DY-T2998F,その他,2,,0,0,,0,
H1307-34420,ヒーターカナグA,3.5,,10002,PET,CE-3010,N,黒,,,0,0,1,0,
H1307-40310,ヒーターカナグA,9,,10002,PET,CE-3010,N,黒,,,0,0,1,0,
H1308-38740,ヒーターカナグB,10,,10002,PET,CE-3010,N,黒,,,0,0,1,0,
H1308-40310,ヒーターカナグB,10,,10002,PET,CE-3010,N,黒,,,0,0,1,0,
H1316-40300,ヒーターカバー,55.95,,10002,PET,BN-9030,BK,黒,2,28,0,0,,0,2016/8/18 17:09:08
H140C-42700,パネルBカンU,29.2,,10002,ABS,K300,MAH80-203,その他,,,0,0,0,1,
H2106-37800,ゼツエンシートA,73.65,,10002,ABS,SER-91,N,N,,,0,0,,1,
H2131-36600,ラッチA,1.67,,10002,POM,FX-11J,N,その他,,,0,0,1,0,
H2131-36600D,ラッチA,1.7,,10002,POM,FX-11J,N,白,,,0,0,1,0,
H2131-36600X,ラッチA,1.8,,10002,POM,FX-11J,N,その他,,,0,0,1,0,
H2131-36600Z,ラッチA,1.7,,10002,POM,FX-11J,N,グレー,,,0,0,0,0,
H2364-41200,ハイキコウガイド,5.9,,10002,PP,BC03B,N,N,2,24,0,0,1,0,2016/8/18 17:09:08
H85064,フレキシブルパイプ,22,,30016,PC,EMBI,N,N,,,0,0,1,0,
H85064-0,フレキパイプ,21.2,,30007,PP,EMBI,N,その他,,,0,0,1,0,
H85187,フレキパイプ,999,,30007,PP,BC03B,N,N,,,0,0,1,0,
HC-003130,フィルターC,97,,10002,PP,OX842B:BC03B(4:6),WN-12,グレー,,,0,0,,1,
HC-003131,フィルターＣ,97,,30015,PP,OX842B:BC03B(4:6),WN-12,グレー,,,0,0,,0,
J199,ブッシュ,0.34,,30001,PP,MK3F,N,その他,6,,0,0,1,0,
KBFD-0167,ハンマーベース,0,,30004,POM,M90-44,CF2001,N,,,0,0,,1,
LV-2013,樹脂ファンネル,104,,30014,PP,AW564,N,白,,,0,0,0,0,
MD-UR-20001,タグリテーナー,1.44,,20001,ABS,ABS700,CABS-105504,青,,,0,0,,1,
MLD-CO-20009,CO-A4フランジT,9.7,,20001,PS,HT60,RH27,N,1,30,0,1,0,0,2016/8/18 17:09:08
MLD-CO-20010,CO8*10フランジS,18.32,,20001,PS,HT60,SPAB-851HC,黒,1,30,0,1,,0,2016/8/18 17:09:08
MLD-CO-20011,CO-8*10ギアフランジS,18.32,,20001,PS,HT60,SPAB-851HC,黒,1,30,0,1,,0,2016/8/18 17:09:08
MLD-CO-20012,CO-A4ギアフランジT,16.65,,20001,PS,HT60,RH27,RH27,1,30,0,1,,0,2016/8/18 17:09:08
MLD-CO-20013,CO-A4フランジキャップ,1.23,,20001,PS,HT60,RH27,N,1,30,0,1,0,0,2016/8/18 17:09:08
MLD-CO-20014,フランジTセット,16.65,,20001,PS,HT60,RH27,RH27,1,30,0,1,1,0,2016/8/18 17:09:08
MLD-CO-20021,CO-A4フランジS,17.12,,20001,PS,HT60,SPAB-851HC,黒,1,31,0,1,,0,2016/8/18 17:09:08
MLD-CO-20022,CO-A4ギアフランジ,17.12,,20001,PS,HT60,SPAB-851HC,黒,1,34,0,1,,0,2016/8/18 17:09:08
MLD-EX-20001,樹脂ｷｬｯﾌﾟS-35,16.8,,20001,PP,BC03B,N,N,4,22,0,1,,0,2016/8/18 17:09:08
MLD-EX-20002,PPキャップΦ56,11.4,,20001,PP,BC03B,N,N,8,23,0,1,1,0,2016/8/18 17:09:08
MLD-EX-20006,PPキャップφ51,8.3,,20001,PP,BC03B,N,N,4,22,0,1,,0,2016/8/18 17:09:08
MLD-MD-11111,STLL,6.6,,20001,PS,HT60,RH27,白,,,0,0,0,0,
MLD-MD-20020,MD-SPA-FフランジST-L,6.7,,20001,PS,HT60,RH27,RH27,,,0,0,,1,
MLD-MD-20020A,MD-SPA-FフランジST-L,6.62,,20001,PS,HT60,RH27,N,,,0,0,0,1,
MLD-MD-20021,MD-SPA-FフランジS-R1,8.45,,20001,PS,HT60,RH27,RH27,,,0,0,,1,
MLD-MD-20022,MD-SPA-FフランジS-R2,8.45,,20001,PS,HT60,RH27,RH27,,,0,0,,1,
MLD-MD-20023,MD-SPA-FフランジT-R,3.13,,20001,PS,HT60,RH27,RH27,,,0,0,1,1,
MLD-MD-20023A,MD-SPA-FフランジT-R,3.13,,20001,PS,HT60,RH27,N,,,0,0,0,1,
MLD-MD-20031,MD-SPA-FフランジS-R1カイ1,1.27,,20001,PS,HT60,RH27,N,4,24,0,1,0,0,2016/8/18 17:09:08
MLD-MD-20032,MD-SPA-FフランジS-R2カイ1,7.36,,20001,PS,HT60,RH27,N,4,24,0,1,0,0,2016/8/18 17:09:08
MLD-MD-20034,MD-CP900ICホルダーカイ2,1.48,,20001,PS,HT60,RH27,その他,2,20,0,1,0,0,2016/8/18 17:09:08
MLD-MD-20035,MD-SPA-FフランジST-L カイ1,6.64,,20001,PS,HT60,RH27,N,8,28,0,1,0,0,2016/8/18 17:09:08
MLD-MD-20036,MD-SPA-FフランジT-R カイ1,3.14,,20001,PS,HT60,RH27,N,4,21,0,1,0,0,2016/8/18 17:09:08
MLD-MD-20037,MD-SPA-FフランジS-R1カイ1（黒）,1.27,,20001,PS,HT60,RH27,黒,4,24,0,1,0,0,2016/8/18 17:09:08
MLD-MD-20038,MD-SPA-FフランジS-R2カイ1（黒）,7.3,,20001,PS,HT60,RH27,黒,4,24,0,1,0,0,2016/8/18 17:09:08
MLD-MD-20041,MD-8インチフランジS-R1,1.25,,20001,PS,HT60,RH27,N,1,,0,1,0,0,
MLD-MD-20042,MD-8インチフランジS-R2,6.78,,20001,PS,HT60,RH27,N,1,,0,1,0,0,
MLD-MD-20043,MD-8インチフランジT-U,6.7,,20001,PS,HT60,RH27,N,1,,0,1,0,0,
MLD-MD-22222,STRR,3.14,,20001,PS,HT60,RH27,白,,,0,0,0,0,
MLD-NDS-20001,NDS-カセットヨウシャフトビン,2.1,,20001,POM,F20-03,7-22-20154,緑,1,20,0,1,0,0,2016/8/18 17:09:08
MLD-NDS-20002,NDS-カセットヨウノブ,0.7,,20001,POM,F20-03,7-22-20154,緑,1,,0,0,0,0,
MLD-UR-20001,タグリテーナー,1.44,,20001,ABS,ABS700,CABS-105504,青,,,0,0,,1,
MP-10051,スティックマーカー本体キャップ青,9.98,,30003,PP,BC03B,3-21-16743,青,,,0,0,,1,
MP100050,スティックマーカー本体ケース青,27.5,,30003,PP,BC03B,3-21-16743,青,,,0,0,,1,
MU-10,ケース,32.7,,30011,PC,D-1022,L1618,緑,,,0,0,,0,
NB02-100-K0,外蓋,63,,10003,ABS,DE4-K-090-00/ABS N,ABM-A152060-11,黒,,,0,0,0,0,
NB02-100-R0,外蓋,63,,10003,ABS,DE4-K-090-00/ABS N,ABM-A152061-21,赤,,,0,0,0,0,
NB02-100-W0,外蓋,63,,10003,ABS,DE4-K-090-00/ABS N,ABM-A152058-21,白,,,0,0,0,0,
NB04-100-K0,内蓋,55,,10003,ABS,DE4-K-090-00/ABS N,ABM-A152060-11,黒,,,0,0,0,0,
NB04-100-U0,内蓋,55,,10003,ABS,DE4-K-090-00/ABS N,ABM-A152059-21,その他,,,0,0,0,0,
NC02-100-K0,外箱,131,,10003,ABS,DE4-K-090-00/ABS N,ABM-A152060-11,黒,,,0,0,0,0,
NC02-100-R0,外箱,131,,10003,ABS,DE4-K-090-00/ABS N,ABM-A152061-21,赤,,,0,0,0,0,
NC02-100-W0,外箱,131,,10003,ABS,DE4-K-090-00/ABS N,ABM-A152058-21,白,,,0,0,0,0,
NC04-100-K0,内箱,70,,10003,ABS,DE4-K-090-00/ABS N,ABM-A152060-11,黒,,,0,0,0,0,
NC04-100-U0,内箱,70,,10003,ABS,DE4-K-090-00/ABS N,ABM-A152059-21,黒,,,0,0,0,0,
NC07-101-K0,外枠,140,,10003,ABS,DE4-K-090-00/ABS N,ABM-A152060-11,黒,,,0,0,0,0,
NC07-101-R0,外枠,140,,10003,ABS,DE4-K-090-00/ABS N,ABM-A152061-21,赤,,,0,0,0,0,
NC07-101-W0,外枠,140,,10003,ABS,DE4-K-090-00/ABS N,ABM-A152058-21,白,,,0,0,0,0,
NC08-101-K0,内枠,93,,10003,ABS,DE4-K-090-00/ABS N,ABM-A152060-11,黒,,,0,0,0,0,
NC09-101-K0,底板,25,,10003,ABS,DE4-K-090-00/ABS N,ABM-A152060-11,黒,,,0,0,0,0,
NH101,ナイロンホルダー,7.1,,30020,PA,PARGE,MA2,黒,,,0,0,1,0,
P001V-06G00,ボディホキョウU,37,,10001,PP,M100K-P,N,黒,1,30,0,1,0,0,2016/8/18 17:09:08
P002X-05Z00,フィルターAU,43.5,,10001,PP,EOX0440A:BC03B(4:6),WN-12,グレー,1,,0,0,0,1,
P002X-05Z10,フィルターAU,43.5,,10001,PP,EOX0440A:BC03B(4:6),WN-12,グレー,1,28,0,0,0,1,2016/8/18 17:09:08
P002X-05Z20,フィルターAU ,43.5,,10001,PP,EOX0440A:BC03B(4:6) ,WN-12 ,グレー,1,28,0,1,0,0,
P002X-15310,フィルターＡＵ,30.25,,10001,PP,EOX0440A:BC03B(4:6),11290,その他,,,0,0,,0,
P002X-27500,フィルターAU,83.5,,10001,PP,EOX0440A:BC03B(4:6),EP11290,その他,,,0,0,0,0,
P002X-31330,フィルターAU,29,,10001,PP,EOX0440A:BC03B(4:6),WN-12,グレー,,,0,0,,0,
P002X-34220,フィルターAU,29,,10001,PP,EOX0440A:BC03B(4:6),WN-12,グレー,,,0,0,,0,
P002X-36410,フィルターＡＵ,26.46,,10001,PP,EOX0440A:BC03B(4:6),WN-12,グレー,1,45,0,1,,0,2016/8/18 17:09:08
P002X-93000,フィルターAU,21,,10001,PP,EOX0440A:BC03B(4:6),WN-12,グレー,,,0,0,,1,
P002X-93010,フィルターAU,21,,10001,PP,EOX0440A:BC03B(4:6),WN-12,グレー,,,0,0,0,1,
P002X-93020,フィルターAU,43.8,,10001,PP,EOX0440A:BC03B(4:6),WN-12,グレー,1,30,0,0,0,1,
P002X-93030,フィルターAU ,43.8,,10001,PP,EOX0440A:BC03B(4:6) ,WN-12 ,グレー,1,30,0,1,0,0,
P003V-15340,フィルターCU,48.3,,10001,PP,OX766S,EP11290,その他,,,0,0,0,0,
P006T-02E00,スライダU,134,,10001,PP,EOX0440A:BC03B(4:6),3-11-15949,白,,,0,0,0,1,
P006T-02E10,スライダU,134,,10001,PP,EOX0440A:BC03B(4:6),3-11-15949,白,1,10,0,0,0,1,2016/8/18 17:09:08
P006T-02E20,スライダU,134,,10001,PP,EOX0440A:BC03B(4:6),3-11-15949,白,1,10,0,1,0,0,
P006T-06F00,スライダーU,135.6,,10001,PP,EOX0440A:BC03B(4:6),3-11-15949,白,1,10,0,0,0,1,2016/11/8 20:14:00
P006T-06F10, スライダーU,135.6,,10001,POM,EOX0440A:BC03B(4:6),3-11-15949,白,1,10,,1,0,0,
P0070-2BA93,ゼツエンバン93号,5.71,,10001,PA,CM-1014-V0,M040B2,黒,,,0,0,,1,
P007A-09410,ローラーU,7.2,,10001,PP,H501,N,その他,,,0,0,0,0,
P007A-12410,ローラーAカンU,5,,10001,PP,AW564,N,グレー,,,0,0,0,0,
P007B-12420,ローラーBカンU,4.05,,10001,PA,CM3001,NW470,白,,,0,0,1,0,
P007C-L71,レバー71,2.18,,30027,PA,CM-1014-V0,M040B2,黒,1,19,0,1,1,0,2016/8/18 17:09:08
P007C-L71L72,レバー71号.72号,2.18,,10001,PA,CM-1014-V0,M040B2,黒,,,0,0,,1,
P007C-L72,レバー72号,2.18,,30027,PA,CM-1014-V0,M040B2,黒,1,19,0,1,1,0,2016/8/18 17:09:08
P007C-ZBA93,ゼツエンバンA93号,5.71,,30027,PA,CM-1014-V0,M040B2,黒,2,25,0,1,1,0,2016/8/18 17:09:08
P008A-15340,ランナーU,27,,10001,PP,V7000,N,N,,,0,0,0,1,
P008A-15370,ランナーU,21,,10001,PP,V7000,N,N,,,0,0,,0,
P008A-18820,ランナーU,31,,10001,PP,V7000,N,N,,,0,0,0,0,
P008A-22010,ランナーU,17.5,,10001,PP,V7000,N,N,,,0,0,,0,
P008A-24800,ランナーU,11.3,,10001,PP,V7000,N,N,,,0,0,1,0,
P008A-37300,ランナーU,12,,10001,PP,V7000,N,N,,,0,0,0,0,
P008A-39100,ランナーU,11.1,,10001,PP,V7000,N,N,,,0,0,0,0,
P0120-82200,ホースホルダーA,60.2,,10001,PP,M100K-P,N,黒,2,28,0,1,,0,2016/8/18 17:09:08
P0120-82210,ホースホルダーA,57.7,,10001,PP,M100K-P,N,黒,,,,1,0,0,
P0128-39020,ホースアナカバー,1.44,,10001,PP,M100K-P,N,黒,,,0,0,1,0,
P0129-44900,フックB,2.86,,10001,PP,BC03B,N,グレー,,,0,0,,0,
P0129-82200,ホースホルダーB,2.55,,10001,PP,M100K-P,N,黒,,,0,0,,1,
P0166-82200,カゴハンガー,17.62,,10001,PP,EOX0283:BC03B(4:6),196220,白,,,0,0,,0,
P0166-93000,カゴハンガー,37.2,,10001,PP,EOX0283:BC03B(4:6),196220,白,,,0,0,,1,
P0166-93010,カゴハンガー,37,,10001,PP,EOX0440A:BC03B(4:6),3-11-15949,白,2,27,0,0,,1,2016/8/18 17:09:08
P0166-93020,カゴハンガー,37,,10001,PP,EOX0440A:BC03B(4:6),3-11-15949,白,2,27,0,1,0,0,
P0166-93100,カゴハンガー,49.8,,10001,PP,EOX0283:BC03B(4:6),196220,白,,,0,0,,1,
P0166-93110,カゴハンガー,49.8,,10001,PP,EOX0440A:BC03B(4:6),3-11-15949,白,,,0,0,,1,
P0166-93120,カゴハンガー,53,,10001,PP,EOX0440A:BC03B(4:6),3-11-15949,白,2,30,0,0,0,1,2016/8/18 17:09:08
P0166-93130,カゴハンガー,53,,10001,PP,EOX0440A:BC03B(4:6),3-11-15949,白,2,30,0,1,0,0,
P016K-BS77,SFスイッチベース77,8.9,,10001,PP,BC03B,N,N,,,0,0,,0,
P016K-FT1,フロート1号,6.7,,10001,PP,AW564,N,N,,,0,0,0,0,
P0170-67300,ホースハンガー,2.05,,10001,PP,M100K-P,N,黒,8,24,0,1,,0,2016/8/18 17:09:08
P0170-96500,ホースハンガー,1.6,,10001,PP,M100K-P,N,黒,2,21,0,1,,0,2016/8/18 17:09:08
P0171-06F00,ボデーバンドA,26.5,,10001,PP,M100K-P,N,黒,2,40,0,1,0,0,2016/8/18 17:09:08
P0171-06G00,ボデーバンドA,36.5,,10001,PP,M100K-P,N,黒,2,40,0,1,0,0,2016/8/18 17:09:08
P0174-06G00,ボデーバンドBサポータ,5,,10001,PP,BC03B,N,黒,,,0,0,1,0,
P0179-31300,ハイスイホースホルダー,12.1,,10001,PP,AW564,N,N,2,,0,0,1,0,
P0192-63000,フタチョウバン(L),55.3,,10001,POM,FX-11J,N,N,,,0,0,,1,
P0192-63010,フタチョウバン(R),55.3,,10001,POM,FX-11J,N,N,,,0,0,,1,
P0192-63020,フタチョウバン(L),55.6,,10001,POM,FX-11J,N,N,,,0,0,,0,
P0192-63030,フタチョウバン(R),55.6,,10001,POM,FX-11J,N,N,,,0,0,,0,
P0192-63040,フタチョウバンL,27.3,,10001,POM,F20-03,N,N,2,24,0,1,0,0,2016/8/18 17:09:08
P0192-63050,フタチョウバンR,27.3,,10001,POM,F20-03,N,N,2,24,0,1,0,0,2016/8/18 17:09:08
P0192-82200,フタチョウバン,34.92,,10001,POM,F20-03,N,N,,,0,0,,0,
P0192-82210,フタチョウバン,34.92,,10001,POM,F20-03,N,N,,,0,0,,0,
P0194-37620,フタチョウバンジクウケ,159.2,,10001,POM,F20-03,N,グレー,,,0,0,,0,
P0194-39110,フタチョウバンジクウケ,136.7,,10001,POM,F20-03,N,グレー,,,0,0,,0,
P0194-44940,フタチョウバンジクウケA,99,,10001,POM,F20-03,N,グレー,,,0,0,,0,
P0194-55700,フタチョウバンジクウケ,79.38,,10001,POM,HC750,N,N,,,0,0,,0,
P0194-55710,フタチョウバンジクウケ（Ｒ）,79.38,,10001,POM,HC750,N,N,,,0,0,,0,
P0202-82200,タンクB,19.75,,10001,PP,OX842B1:BC03B(4:6),WN-12,グレー,,,0,0,,1,
P0202-82210,タンクB,19.67,,10001,PP,OX842B1:BC03B(4:6),WN-12,グレー,,,0,0,,1,
P0202-82220,タンクB,21.1,,10001,PP,OX842B1:BC03B(4:6),WN-12,グレー,,,0,0,,0,
P0215-05Z00,フィルタ,40,,10001,PP,BC03B,N,N,,,0,0,0,0,
P0215-05Z10,フィルターA,23.7,,10001,PP,BC03B,N,その他,,,0,0,0,0,
P0215-24850,フィルターA,21.5,,10001,PP,AP03B,N,N,,,0,0,,0,
P0215-36410,フィルターA,21,,10001,PP,AP03B,N,N,,,0,0,,0,
P0215-93000,フィルターA,21,,10001,PP,AP03B,N,N,,,0,0,,1,
P0215-93010,フィルターA,19.4,,10001,PP,AP03B,N,N,,,0,0,1,0,
P0219-39040,フィルターフック,5.95,,30007,PP,OX842B1:BC03B(4:6),WN-12,グレー,,,0,0,,0,
P0219-39110,フィルターフック,5.91,,10001,PP,OX766S_WN-12:VH2031,WN-12,グレー,,,0,0,,0,
P0219-44910,フィルターフック,7.56,,10001,PP,OX766S,WN-12,グレー,,,0,0,,0,
P021B-02E00,センザイイレU,141.5,,10001,PP,OX842B1:BC03B(4:6),3-11-15949,その他,1,8,0,0,0,0,2016/8/18 17:09:08
P021B-02E10,センザイイレU,143,,10001,PP,OX842B1:BC03B(4:6),3-11-15949,白,1,8,0,0,0,0,
P021B-02E20,センザイイレU,143,,10001,PP,OX842B1:BC03B(4:6),3-11-15949,白,1,8,0,1,0,0,
P021B-82400,センザイイレU,47.5,,10001,PP,OX766S,VG2066,緑,1,25,0,0,1,0,2016/8/18 17:09:08
P0226-18520,フィルターB,18.5,,10001,POM,M90-44,CF2001,グレー,,,0,0,0,0,
P0242-02750S,ホースジョイント,3,,30005,PP,H501,N,グレー,,,0,0,0,1,
P0242-07250F,ホースジョイント,3,,30005,PP,H501,N,グレー,,,0,0,0,0,
P0242-07250S,ホースジョイント,3,,30009,PP,H501,N,グレー,,,0,0,0,0,
P0242-12700,ホースジョイント,5.17,,10001,PP,H501,N,N,,,0,0,1,0,
P0242-67300,ホースジョイント,5.3,,10001,PP,V7000,N,N,4,25,0,1,,0,2016/8/18 17:09:08
P024N-31350,センサーU,45.5,,10001,PP,AW564,N,N,,,0,0,0,0,
P024N-34220,センサーU,25.2,,10001,PP,AW564,N,N,,,0,0,0,0,
P0265-09420,キュウスイコウ,5,,10001,PP,V7000,N,グレー,,,0,0,0,0,
P0300-93000,フィルターC,5,,10001,PP,BC03B,N,その他,,,0,0,1,0,
P0335-36400,チョウセイアシ,32.9,,10001,PP,PGT-1829,N,N,,,0,0,,1,
P0335-36410,チョウセイアシ,26.85,,10001,PP,M100K-P,N,黒,,,0,0,,1,
P0335-36420,チョウセイアシ,29.1,,10001,PP,M100K-P,N,黒,4,35,0,1,,0,2016/8/18 17:09:08
P0335-PC450K,チョウセイアシ,12.32,,10001,PP,PGT-1920M,BK,黒,,,0,0,1,0,
P0343-PC450K,チョウセイツマミ,2.98,,10001,PP,PGT-1920M,N,黒,,,0,0,1,0,
P0351-39000,アシイタC,1.01,,10001,PP,M100K-P,N,黒,8,21,0,1,,0,2016/8/18 17:09:08
P0511-24800,シャフトスラストカラー,1.41,,10001,PP,V7000,N,N,2,,0,0,1,0,
P0511-27500,シャフトスラストカラー,1.35,,10001,PP,V7000,N,N,,,0,0,0,0,
P0514-67300,キャップA,2.38,,10001,PP,BC03B,N,N,,,0,0,,0,
P0545-83900,リードセンカバー,17.1,,10001,PET,5402SER,TK-E3937,黒,2,19,0,1,,0,2016/8/18 17:09:08
P0615-93000,スイッチピン,2.72,,10001,POM,F20-03,N,N,,,0,0,,0,
P0621-34210,スイッチプレートA,14.25,,10001,PP,AW564,N,N,,,0,0,,0,
P0621-34300,スイッチプレート,10.9,,10001,PP,BC03B,N,N,,,0,0,0,0,
P0624-45900,スイッチプレートB,4.2,,10001,PP,AW564,N,N,4,,0,1,0,0,
P0702-00530,ローラーシャフトB,2.5,,10001,POM,F20-03,,グレー,,,0,0,1,0,
P0719-04600,ローラーストッパー,4.4,,10001,PP,E7000,N,グレー,,,0,0,0,0,
P0725-27500K,ハンドルヘッド,5,,10001,ABS,ABS700,N,黒,,,0,0,1,0,
P0806-17000,ランナーB,12,,10001,PP,V7000,N,N,,,0,0,,1,
P0807-24810,ランナーC,11.18,,10001,PP,V7000,N,N,,,0,0,,0,
P0852-72300,ファンケースB,10.2,,10001,PP,OX842B:BC03B(4:6),WN-12,グレー,,,0,0,,0,
P0855-39100,ファン,12,,10001,PP,V7000,N,N,,,0,0,0,0,
P0872-72300,ファンケースC,92.98,,10001,PP,OX842B:BC03B(4:6),WN-12,グレー,,,0,0,,0,
P0881-27500,ノズルジクウケ,57.31,,10001,PP,V7000,PK-22944N,グレー,,,0,0,,0,
P0890-31330,シャワーヘッド,2.67,,10001,PP,EOX0440A:BC03B(4:6),WN-12,グレー,2,32,0,1,,0,2016/8/18 17:09:08
P1026-72300,ラックガイドツバ,27.67,,10001,POM,F20-03,N,N,,,0,0,,0,
P1126-62900,タンクウケステーA,17.41,,10001,POM,FX-11J,N,N,,,0,0,,1,
P1126-62920,タンクウケステーA,17.41,,10001,POM,FX-11J,N,N,,,0,0,,0,
P1126-62930,タンクウケステーA　R,17.41,,10001,POM,FX-11J,N,N,,,0,0,,0,
P1126-93000,タンクウケステーA,7.7,,10001,POM,NW-02,N,N,,,0,0,,1,
P1126-93010,タンクウケステーA,8.2,,10001,POM,NW-02,N,N,4,26,0,1,0,0,2016/8/18 17:09:08
P1127-62900,タンクウケステーB,51.05,,10001,POM,F20-03,N,N,,,0,0,,1,
P1127-62910,タンクウケステーB　R,51.05,,10001,POM,F20-03,N,N,,,0,0,,1,
P1127-62920,タンクウケステーB,52,,10001,POM,F20-03,N,N,,,0,0,,0,
P1127-62930,タンクウケステーBR,52,,10001,POM,F20-03,N,N,,,0,0,,0,
P1127-93000,タンクウケステーBL,25,,10001,POM,F20-03,N,N,4,36,0,1,,0,2016/8/18 17:09:08
P1127-93100,タンクウケステーB(R),5.9,,10001,PP,M100K-P,N,N,4,25,0,1,,0,2016/8/18 17:09:08
P1141-27500,フタストッパーL,6.8,,10001,POM,F20-03,N,N,,,0,0,0,0,
P1141-27510,フタストッパーR,6.7,,10001,POM,F20-03,N,N,,,0,0,0,0,
P1141-34200,フタストッパーA,4.33,,10001,POM,F20-03,7-28-18121,グレー,4,33,0,1,1,0,2016/8/18 17:09:08
P1171-02E00,カゴトッテ,6,,10001,PP,EOX0440A:BC03B(4:6),DB3-14-11898,その他,2,23,0,0,0,1,2016/8/18 17:09:08
P1171-02E10,カゴトッテ,6,,10001,PP,EOX0440A:BC03B(4:6),DB3-14-11898,黄,,,0,1,0,0,
P1189-02E00,コモノイレA,128,,10001,PP,EOX0440A:BC03B(4:6),3-11-15949,白,,,0,0,0,1,
P1189-02E10,コモノイレA,128,,10001,PP,EOX0440A:BC03B(4:6),3-11-15949,白,1,26,0,0,0,1,2016/8/18 17:09:08
P1189-02E20,コモノイレA,136,,10001,PP,EOX0440A:BC03B(4:6),3-11-15949,白,1,26,0,0,0,1,
P1189-02E30,コモノイレA,136,,10001,PP,EOX0440A:BC03B(4:6),3-11-15949,白,1,26,0,1,0,0,
P1189-02N00,コモノイレA,76,,10001,PP,EOX0440A:BC03B(4:6),3-11-15949,白,1,29,0,0,0,1,2016/8/18 17:09:08
P1189-02N10,コモノイレA,76,,10001,PP,EOX0440A:BC03B(4:6),3-11-15949,白,1,29,,1,0,0,
P1189-22040,コモノイレA,71.73,,10001,PP,EOX0440A:BC03B(4:6),3-11-15949,白,,,0,0,1,1,
P1189-22050,コモノイレA,71.5,,10001,PP,EOX0440A:BC03B(4:6),3-11-15949,白,,,0,1,1,0,
P1189-31310,コモノイレA,55.91,,10001,PP,EOX0440A:BC03B(4:6),3-11-15949,白,,,0,0,,1,
P1189-31320,コモノイレA,53.2,,10001,PP,EOX0440A:BC03B(4:6),3-11-15949,白,,,0,0,,1,
P1189-31330,コモノイレ,53.4,,10001,PP,EOX0440A:BC03B(4:6),3-11-15949,白,,,0,0,,1,
P1189-31340,コモノイレA,52,,10001,PP,EOX0440A:BC03B(4:6),3-11-15949,白,2,26,0,0,0,1,2016/8/18 17:09:08
P1189-31350,コモノイレA,52,,10001,PP,EOX0440A:BC03B(4:6),3-11-15949,白,2,26,0,1,0,0,
P1189-55900,コモノイレＡ,76.7,,10001,PP,OX842B1:BC03B(4:6),WN-12,グレー,,,0,0,,0,
P1192-07220,スイッチレバー,2.2,,10001,POM,F20-03,N,N,,,0,0,0,0,
P1192-62900,SFスイッチレバー　L,4.36,,10001,POM,F20-03,N,N,,,0,0,,0,
P1192-62910,SFスイッチレバー　R,4.36,,10001,POM,F20-03,N,N,,,0,0,,0,
P1226-31320,ホジョタンクA,70,,10001,PP,EOX0440A:BC03B(4:6),WN-12,グレー,,,0,0,0,0,
P122A-31330,ホジョタンクAU,72,,10001,PP,EOX0440A:BC03B(4:6),WN-12,グレー,,,0,0,1,0,
P1295-07500F,ホースホルダーB,2.5,,10001,PP,AW564,PY-W2915B,白,,,0,0,,1,
P1295-10M00,ホースホルダーB,2.6,,10001,PP,M100K-P,N,黒,,,,1,0,0,
P1295-82200,ホースホルダーB,2.6,,10001,PP,M100K-P,N,黒,8,26,0,1,,0,2016/8/18 17:09:08
P14J,トリガー小,3.6,,30018,POM,F20-03,N,黒,,,0,0,1,0,
P160K-30130,SFスイッチカンU,35,,10001,PP,BC03B,N,N,,,0,0,0,0,
P160K-39140,SFスイッチカンU,58,,10001,PP,BC03B,N,N,,,0,0,0,0,
P160K-44900,SFスイッチカンU,59.5,,10001,PP,BC03B,N,N,,,0,0,0,0,
P160K-BS77,ベース77号,8.8,,10001,PP,AW564,N,N,,,0,0,0,0,
P160K-BS85,ベース85号,13.1,,10001,PP,BC03B,N,N,,,0,0,,0,
P160K-CAA34,ケースA34,20.2,,10001,PP,BC03B,N,N,,,0,0,,0,
P160K-F5,フロート5号,13.56,,10001,PP,OX842B:BC03B(1:5),WN-12,グレー,,,0,0,1,0,
P160K-L78,レバー78,1.1,,10001,POM,F20-03,N,N,,,0,0,1,0,
P1663-08920,SFスイッチイタA,2.5,,10001,PA,1010N2,N,N,,,0,0,1,0,
P1663-62900,SFスイッチイタA(L),26.19,,10001,ABS,ABS700,N,N,,,0,0,,0,
P1663-62910,SFスイッチイタA(R),26.19,,10001,ABS,ABS700,N,N,,,0,0,,0,
P1663-62920,SFスイッチイタAL,27,,10001,ABS,ABS700,N,N,,,0,0,0,0,
P1663-62930,SFスイッチイタAR,27,,10001,ABS,ABS700,N,N,,,0,0,0,0,
P1664-62900,SFスイッチイタB,15.48,,10001,ABS,ABS700,N,N,,,0,0,,0,
P1664-62910,SFスイッチイタB(R),15.48,,10001,ABS,ABS700,N,N,,,0,0,,0,
P1665-30140,SFスイッチレバーL,2.9,,10001,POM,F20-03,N,N,,,0,0,,0,
P1665-55700,SFスイッチレバー,9,,10001,POM,HC750,N,N,,,0,0,,0,
P1665-55710,SFスイッチレバー（R),9,,10001,POM,HC750,N,N,,,0,0,,0,
P1665-55900,SFスイッチレバー（L),5.52,,10001,POM,HC750,N,N,,,0,0,,0,
P1665-55910,SFスイッチレバー（R),5.52,,10001,POM,HC750,N,N,,,0,0,,0,
P1728-02E00,スライドイタA,128,,10001,PP,EOX0283:BC03B(4:6),196220,白,,,0,0,0,1,
P1728-02E10,スライドイタA,130,,10001,PP,EOX0440A:BC03B(4:6),3-11-15949,白,1,34,0,0,0,1,2016/8/18 17:09:08
P1728-02E20,スライドイタA,130,,10001,PP,EOX0440A:BC03B(4:6),3-11-15949,白,,,0,1,0,0,
P1728-06F00,スライドイタA,130,,10001,PP,EOX0440A:BC03B(4:6),3-11-15949,白,,,0,0,0,1,2016/11/8 20:14:00
P1728-06F10,スライドイタA,130,,10001,PP,EOX0440A:BC03B(4:6),3-11-15949,白,,,0,1,0,0,
P1832-55700,レールA,110.5,,10001,POM,HC750,N,N,,,0,0,,0,
P1833-55700,レールA(R),110.5,,10001,POM,HC750,N,N,,,0,0,,0,
P1856-27510,パイプAパッキングA,3.2,,10001,PP,BC03B,N,黒,,,0,0,0,0,
P1856-49800,パイプAパッキングA,1.78,,10001,PP,OX842B:BC03B(4:6),WN-12,グレー,,,0,0,,0,
P2106-44900,ゼツエンシートAL,4.4,,10001,ABS,ABS700,N,N,,,0,0,0,0,
P2106-44910,ゼツエンシートAR,4.4,,10001,ABS,ABS700,N,N,,,0,0,0,0,
P2106-49820,ゼツエンシートB(R),9.4,,10001,POM,F20-03,N,N,,,0,0,,0,
P2106-49830,ゼツエンシートA(R),9.4,,10001,POM,F20-03,N,N,,,0,0,,0,
P2106-55700,ゼツエンシートA,9.84,,10001,PP,AW564,N,N,,,0,0,,0,
P2106-55710,ゼツエンシートA(R),9.84,,10001,PP,BC03B,N,N,,,0,0,,0,
P2106-55900,ゼツエンシートA(L),7.76,,10001,PP,AW564,N,N,,,0,0,,0,
P2106-55910,ゼツエンシートA(R),7.76,,10001,PP,AW564,N,N,,,0,0,,0,
P2107-49820,ゼツエンシートB,13.3,,10001,POM,F20-03,N,N,,,0,0,,0,
P2107-49830,ゼツエンシートB(R),6.73,,10001,POM,F20-03,N,N,,,0,0,,0,
P2125-02N00,カゴB,72,,10001,PP,EOX0440A:BC03B(4:6),3-11-15949,白,1,24,0,1,0,0,2016/8/18 17:09:08
P2125-02N10,カゴB,72,,10001,PP,EOX0440A:BC03B(4:6),3-11-15949,白,,,,0,0,0,
P2125-10M00,カゴB,22.7,,10001,PP,EOX0440A:BC03B(4:6),3-11-15949,白,2,25,0,1,0,0,
P2130-55720,フタチョウバンB,196.96,,10001,POM,HC750,N,N,,,0,0,,0,
P2130-55730,フタチョウバンジクウケＢ（Ｒ）,196.96,,10001,POM,HC750,N,N,,,0,0,,0,
P2130-55920,フタチョウバンB,175.62,,10001,POM,HC750,N,N,,,0,0,,0,
P2130-55930,フタチョウバンジクウケＢ（Ｒ）,175.62,,10001,POM,HC750,N,N,,,0,0,,0,
P2131-55710,ラッチAB,37,,10001,POM,HC750,N,N,,,0,0,,0,
P2131-93000,ラッチA,8.1,,10001,PP,OX842B:BC03B(4:6),WN-12,グレー,,,0,0,,1,
P2131-93010,ラッチA,8.1,,10001,PP,EOX0440A:BC03B(4:6),WN-12,グレー,4,25,0,0,0,1,2016/8/18 17:09:08
P2131-93020,ラッチA,8.1,,10001,PP,EOX0440A:BC03B(4:6),WN-12,グレー,4,25,0,1,0,0,
P2132-55710,ラッチB(R),37,,10001,POM,HC750,N,N,,,0,0,,0,
P2132-93000,ラッチB,6.38,,10001,POM,FX-11J,N,N,,,0,0,1,1,
P2132-93010,ラッチB,6.1,,10001,POM,FX-11J,N,N,4,25,0,1,0,0,2016/8/18 17:09:08
P2133-93000,ラッチイタ,9.95,,10001,POM,FX-11J,N,N,,,0,0,,1,
P2133-93010,ラッチイタ,9.4,,10001,POM,FX-11J,N,N,,,0,0,,0,
P2133-93020,ラッチイタ,9.4,,10001,POM,F20-03,N,N,4,29,0,1,0,0,2016/8/18 17:09:08
P2136-00820,ローラーA,3.4,,10001,PP,H501,N,グレー,,,0,0,,0,
P2136-09420,ローラーA,6.9,,10001,PP,H501,N,その他,,,0,0,,0,
P2136-62900,ローラーA,2.38,,10001,PP,F20-03,N,N,,,0,0,,0,
P2137-01120,ローラーB,4.02,,10001,PA,CM3001,NWP470,白,,,0,0,0,0,
P2138-04600,ローラーC,6,,10001,POM,F20-03,N,N,,,0,0,0,0,
P2140-42400,コモノイレB,17.55,,10001,PP,EOX0440A:BC03B(4:6),3-11-15949,白,,,0,0,,1,
P2140-42410,コモノイレB,17.77,,10001,PP,EOX0440A:BC03B(4:6),3-11-15949,白,1,32,0,1,,0,2016/8/18 17:09:08
P2150-02E00,センザイイレ,12,,10001,PP,EOX0440A:BC03B(4:6),3-11-15949,その他,4,24,0,0,0,1,2016/8/18 17:09:08
P2150-02E10, センザイイレ,12,,10001,PP,EOX0440A:BC03B(4:6),3-11-15949,その他,,,0,1,0,0,
P2150-45900,センザイイレA,47.6,,10001,PP,EOX0440A:BC03B(4:6),VG2066,N,,,0,0,1,0,
P2150-47400,センザイイレA,39.3,,10001,PP,OX766S,VG2066,緑,,,0,0,1,0,
P2151-45930,センザイイレB,22.65,,10001,PP,OX766S,VG2066,緑,,,0,0,,1,
P2151-45940,センザイイレB,22.4,,10001,PP,EOX0440A:BC03B(4:6),WN-12,グレー,2,25,0,1,,0,2016/8/18 17:09:08
P2166-02E00,カゴピンB,50,,10001,PP,EOX0440A:BC03B(4:6),3-11-15949,白,2,27,0,0,0,1,2016/8/18 17:09:08
P2166-02E10,カゴピンB ,50,,10001,PP,EOX0440A:BC03B(4:6) ,3-11-15949 ,白,2,27,0,1,0,0,
P2166-02F00,カゴピンB,55.5,,10001,PP,EOX0440A:BC03B(4:6),3-11-15949,白,2,28,0,0,0,1,2016/8/18 17:09:08
P2166-02F10, カゴピンB ,55.5,,10001,PP,EOX0440A:BC03B(4:6),3-11-15949,白,2,28,0,1,0,0,
P2166-39100,カゴピンB,95,,10001,PP,EOX0440A:BC03B(4:6),3-11-15949,白,,,0,0,0,1,
P2166-39110,カゴピンB,95,,10001,PP,EOX0440A:BC03B(4:6),3-11-15949,白,,,0,0,0,0,
P2166-55700,カゴピンB,158,,10001,PP,OX842B1:BC03B(3:7),WN-12,グレー,,,0,0,,1,
P2166-55710,カゴピンB,158,,10001,PP,OX842B1:BC03B(3:7),WN-12,グレー,,,0,0,,0,
P2166-67320,カゴピンＢ（Ｌ）,212.9,,10001,POM,TR-20,N,N,,,0,0,,1,
P2166-67330,カゴピンB,212.9,,10001,POM,TR-20,N,N,,,0,0,,1,
P2166-67340,カゴピンB,142.8,,10001,PP,EOX0440A:BC03B(4:6),3-11-15949,白,,,0,0,,1,
P2166-67360,カゴピンB（L）,145,,10001,PP,EOX0440A:BC03B(4:6),3-11-15949,白,1,30,0,0,,1,2016/8/18 17:09:08
P2166-67370,カゴピンB（L） ,145,,10001,PP,EOX0440A:BC03B(4:6),3-11-15949,白,1,30,0,1,0,0,
P2166-67430,カゴピンB(R),212.9,,10001,POM,TR-20,N,N,,,0,0,,1,
P2166-67440,カゴピンB(R),142.8,,10001,PP,EOX0440A:BC03B(4:6),3-11-15949,N,,,0,0,,1,
P2166-67460,カゴピンB(R),145,,10001,PP,EOX0440A:BC03B(4:6),3-11-15949,白,1,30,0,0,,1,2016/8/18 17:09:08
P2166-67470,カゴピンB(R) ,145,,10001,PP,EOX0440A:BC03B(4:6),3-11-15949,白,1,30,0,1,0,0,
P2166-93000,カゴピンB,38.5,,10001,PP,EOX0440A:BC03B(4:6),3-11-15949,白,,,0,0,,1,
P2166-93010,カゴピンB,37.9,,10001,PP,EOX0440A:BC03B(4:6),3-11-15949,白,2,28,0,0,,1,2016/8/18 17:09:08
P2166-93020, カゴピンB ,37.9,,10001,PP,EOX0440A:BC03B(4:6) ,3-11-15949,白,2,28,0,1,0,0,
P2166-93100,カゴピンB,51.8,,10001,PP,EOX0440A:BC03B(4:6),3-11-15949,白,2,28,0,0,,1,2016/8/18 17:09:08
P2166-93110,カゴピンB ,51.8,,10001,PP,EOX0440A:BC03B(4:6) ,3-11-15949,白,2,28,0,1,0,0,
P2167-55720,カゴピンＣ,165,,10001,PP,OX842B1:BC03B(3:7),WN-12,グレー,,,0,0,,0,
P2192-45910,センザイイレフタ,18,,10001,PP,OX766S,VG2066,緑,,,0,0,1,0,
P2192-47400,センザイイレフタ,18.5,,10001,PP,OX766S,VG2066,緑,,,0,0,1,0,
P219A-45910,センザイイレフタカンＵ,47.6,,10001,PP,OX766S,VG2066,緑,,,0,0,,0,
P219A-47400,センザイイレフタカンU,39.3,,10001,PP,OX766S,VG2066,緑,,,0,1,1,0,
P2297-45910K,ダクトＡ,13.55,,10001,PP,OX766S,19101,黒,,,0,1,,0,
P2297-46010S,ダクトA,13.6,,10001,PP,OX766S,WN-12,グレー,2,21,0,1,,0,2016/8/18 17:09:08
P2331-55700,ダンパー,18.6,,10001,POM,HC750,N,N,,,0,0,,0,
P2331-55710,ダンパーR,18.6,,10001,POM,HC750,N,N,,,0,0,,0,
P2364-27540,ハイキコウガイド,51.6,,10001,PP,V7000,N,N,,,0,0,,0,
P2364-31320,ハイキコウガイド,35.4,,10001,PP,BC03B,N,N,,,0,0,,1,
P2364-31330,ハイキコウガイド,35.4,,10001,PP,OX842B:BC03B(2:8),WN-12,グレー,,,0,0,,0,
P2412-342-P0,リーセンU,5,,10001,PP,BC03B,N,N,,,0,0,0,0,
P2918-02C00,キュウスイベンイタ,53.9,,10001,PP,M100K-P,N,黒,,,0,0,0,1,
P2918-02C10,キュウスイベンイタ,53.4,,10001,PP,M100K-P,N,黒,2,34,0,0,0,0,2016/8/18 17:09:08
P2918-02C20,キュウスイベンイタ,54,,10001,PP,M100K-P,N,黒,2,35,0,1,0,0,2016/8/18 17:09:08
P2918-39020,キュウスイベンイタ,54.22,,10001,PP,M100K-P,N,黒,2,47,0,1,,0,2016/8/18 17:09:08
P2918-67310,キュウスイベンーイタA,56.7,,10001,PP,M100K-P,N,黒,,,0,0,,0,
P2918-82200,キュウスイベンイタ,42,,10001,PP,M100K-P,N,黒,2,30,0,1,,0,2016/8/18 17:09:08
P2918-96500,キュウスイベンイタ,47.8,,10001,PP,M100K-P,N,黒,,,0,0,,0,
P2918-96510,キュウスイベンイタ,45.8,,10001,PP,M100K-P,N,黒,1,29,0,1,0,0,2016/8/18 17:09:08
P2918-96520,キュウスイベン?イタ,46.6,,10001,PP,M100K-P,N,黒,,,,0,0,0,
P2922-02C00,キュウスイベンカラー,8.53,,10001,PP,M100K-P,N,黒,4,27,0,1,0,0,2016/8/18 17:09:08
P2922-67300,キュウスイベンカラー,2.36,,10001,PP,BC03B,N,N,,,0,0,,0,
P2922-82200,キュウスイベンカラー,10.5,,10001,PP,M100K-P,N,黒,4,25,0,1,,0,2016/8/18 17:09:08
P3471-06F00,サドウレバーピン,3.8,,10001,POM,F20-03,N,グレー,4,29,0,1,1,0,2016/8/18 17:09:08
P6,Oリング,0.5,,30009,PP,BC03B,N,N,,,0,0,0,0,
P9070-44920,フタオサエL,9.2,,10001,POM,FX-11J,N,グレー,,,0,0,0,0,
P9070-55740,フタオサエ,47.7,,10001,POM,HC750,N,N,,,0,0,,0,
P9070-55750,フタオサエ（Ｒ）,47.7,,10001,POM,HC750,N,N,,,0,0,,0,
RC00-503-HH,蒸気筒,16,,30012,PP,J105H,N,その他,,,0,0,1,0,
RC01-422,マグネット,1,,30012,PP,BC03B,N,N,,,0,0,1,0,
RC41-J67,スリーブ,1.29,,10003,PP,J105H,N,N,2,23,0,0,0,0,
RC41-J67-2,スリーブ,1.3,,10003,PP,J105H,N,N,2,23,0,0,0,0,
RD08-J67,蒸気口キャップ,2.2,,10003,PP,J105H,N,グレー,2,23,0,0,0,0,
RE03-4222HH,ウワワクキャップ,1.74,,10003,PA,T422-01,N90269,グレー,,,0,0,,0,
RE03-4222K3,ウワワクキャップ,1.72,,10003,PA,T422-01,N69373,黒,,,0,0,,0,
RE03-4223HH,ウワワクキャップ,1.8,,10003,PA,T422-T,N90704,グレー,8,34,0,0,,0,2016/8/19 10:51:21
RE03-4223K3,ウワワクキャップ,1.8,,10003,PA,T422-T,N60300,黒,,,0,0,,0,
RE03-463-X3,ウワワクキャップ,1.6,,10003,PA,T422-01,N10053,グレー,,,0,0,1,0,
RE03-4631HH,ウワワクキャップ,1.1,,10003,PA,T422-T,N90704,グレー,,,0,0,1,0,
RE03-4631X3,ウワワクキャップ,1.5,,10003,PA,T422-01,N10053,その他,,,0,0,1,0,
RE03-5714HH,ウワワクキャップ,1.96,,10003,PA,T422-01,N90269,グレー,,,0,0,,0,
RE03-5714K3,ウワワクキャップ,1.96,,10003,PA,T422-01,N69373,黒,,,0,0,,0,
RE03-5717HH,ウワワクキャップ,1.72,,10003,PA,T422-T,N90704,グレー,4,34,0,0,,0,2016/8/19 10:51:21
RE03-5717K3,ウワワクキャップ,1.8,,10003,PA,T422-T,N60300,黒,,,0,0,0,0,
RE03-6301HH,ウワワクキャップ,1.8,,10003,PA,T422-01,N90269,グレー,,,0,0,,0,
RE03-6301K3,ウワワクキャップ,1.8,,10003,PA,T422-01,N69373,黒,,,0,0,,0,
RE03-6302HH,ウワワクキャップ,1.8,,10003,PA,T422-T,N90704,グレー,8,34,0,0,,0,2016/8/19 10:51:21
RE03-6302K3,ウワワクキャップ,1.8,,10003,PA,T422-T,N60300,黒,,,0,0,0,0,
RE03-7111HH,ウワワクキャップ,1.88,,10003,PA,T422-01,N90269,グレー,,,0,0,,0,
RE03-7111K3,ウワワクキャップ,1.9,,10003,PA,T422-01,N69373,黒,,,0,0,,0,
RE03-7112HH,ウワワクキャップ,1.9,,10003,PA,T422-T,N90704,グレー,8,34,0,0,,0,2016/8/19 10:51:21
RE03-7112K3,ウワワクキャップ,1.8,,10003,PA,T422-T,N60300,黒,,,0,0,0,0,
RE03-7371HH,ウワワクキャップ,1.6,,10003,PA,T422-01,N90269,グレー,,,0,0,,0,
RE03-7372HH,ウワワクキャップ,1.63,,10003,PA,T422-T,N90704,グレー,8,34,0,0,0,0,2016/8/19 10:51:21
RE03-7931X3,ウワワクキャップ,1.6,,10003,PA,T422-01,N10053,グレー,,,0,0,1,0,
RE03-7933X3,ウワワクキャップ,1.8,,10003,PA,T422-01,N10053,その他,,,0,0,1,0,
RE03-B47-HH,ウワワクキャップ,1.73,,10003,PA,T422-01,N90269,グレー,,,0,0,,1,
RE03-B47-K3,ウワワクキャップ,1.8,,10003,PA,T422-01,N69373,黒,,,0,0,0,1,
RE03-B471HH,ウワワクキャップ,1.62,,10003,PA,T422-T,N90704,グレー,8,34,0,0,0,0,2016/8/19 10:51:21
RE03-B471K3,ウワワクキャップ,1.8,,10003,PA,T422-T,N60300,黒,,,0,0,0,0,
RE03-B47HH,ウワワクキャップ,1.71,,10003,PA,T422-01,N90269,グレー,,,0,0,,1,
RF46-K59,基板蓋,23.8,,10003,PP,FR240,N,N,,,,0,0,0,
RF51-7961HH,ウワワクキャップ,1.84,,10003,PA,T422-01,N90269,グレー,,,0,0,,0,
RF51-7961K3,ウワワクキャップ,1.8,,10003,PA,T422-01,N69373,黒,,,0,0,,0,
RF51-7962HH,ウワワクキャップ,1.8,,10003,PA,T422-T,N90704,グレー,4,34,0,0,,0,2016/8/19 10:51:21
RF51-7962K3,ウワワクキャップ,1.78,,10003,PA,T422-T,N60300,黒,,,0,0,0,0,
RF51-A45-HH,ウワワクキャップ,2,,10003,PA,T422-01,N90269,グレー,,,0,0,,1,
RF51-A451HH,ウワワクキャップ,3.5,,10003,PA,T422-T,N90704,グレー,8,34,0,0,0,0,2016/8/19 10:51:21
RF51-A451K3,ウワワクキャップ,1.85,,10003,PA,T422-T,N60300,黒,,,0,0,0,0,
RF51-B47-HH,ウワワクキャップ,1.77,,10003,PA,T422-01,N90269,グレー,,,0,0,,1,
RF51-B47-K3,ウワワクキャップ,1.9,,10003,PA,T422-T,N60300,黒,,,0,0,0,1,
RF51-B471HH,ウワワクキャップ,1.66,,10003,PA,T422-T,N90704,グレー,8,34,0,0,0,0,2016/8/19 10:51:21
RF51-B471K3,ウワワクキャップ,1.66,,10003,PA,T422-T,N60300,黒,,,0,0,0,0,
RF51-B47HH,ウワワクキャップ,1.68,,10003,PA,T422-01,N90269,グレー,,,0,0,,1,
RF52-7961HH,ウワワクキャップ,1.85,,10003,PA,T422-01,N90269,グレー,,,0,0,,0,
RF52-7961K3,ウワワクキャップ,1.74,,10003,PA,T422-01,N69373,黒,,,0,0,,0,
RF52-7962HH,ウワワクキャップ,1.8,,10003,PA,T422-T,N90704,グレー,4,34,0,0,,0,2016/8/19 10:51:21
RF52-7962K3,ウワワクキャップ,1.68,,10003,PA,T422-T,N60300,黒,,,0,0,,0,
RF52-A45-HH,ウワワクキャップ,1.94,,10003,PA,T422-01,N90269,グレー,,,0,0,,1,
RF52-A45-K3,ウワワクキャップ,1.9,,10003,PA,T422-01,N69373,黒,,,0,0,,1,
RF52-A451HH,ウワワクキャップ,1.8,,10003,PA,T422-T,N90704,グレー,8,34,0,0,,0,2016/8/19 10:51:21
RF52-A451K3,ウワワクキャップ,1.85,,10003,PA,T422-T,N60300,黒,,,0,0,0,0,
RF52-A45HH,ウワワクキャップ,1.95,,10003,PA,T422-01,N90269,グレー,,,0,0,,1,
RF52-B47-HH,ウワワクキャップ,1.7,,10003,PA,T422-01,N90269,グレー,,,0,0,,1,
RF52-B471HH,ウワワクキャップ,1.8,,10003,PA,T422-T,N90704,黒,8,34,0,0,0,0,2016/8/19 10:51:21
RF52-B471K3,ウワワクキャップ,1.7,,10003,PA,T422-T,N60300,黒,,,0,0,0,0,
RF53-B47-HH,ウワワクキャップ,1.6,,10003,PA,T422-01,N90269,グレー,,,0,0,,1,
RF53-B471HH,ウワワクキャップ,1.9,,10003,PA,T422-T,N90704,グレー,4,34,0,0,0,0,2016/8/19 10:51:21
RS72-J67,センサ?蓋,2.31,,10003,PP,J105H,N,N,2,23,0,0,0,0,
RS72-J67-2,センサー蓋,2.31,,10003,PP,J105H,N,N,2,23,0,0,0,0,
RS94-J67,センサーケース,5.2,,10003,PP,J105H,N,N,2,23,0,0,1,0,
RS94-J67-2,センサーケース,5.2,,10003,PP,J105H,N,N,2,23,0,0,0,0,
shisaku6inch-short,試作ボビン6inc短,50,,20001,PS,HT60,RH27,RH27,,,0,0,0,1,
SPR-NDS-20001,NDS-カセットヨウバネ,2.1,,20001,PS,HT60,RH27,RH27,,,0,1,1,0,
T201117,エルジカン,999,,30007,PP,BC03B,N,N,,,0,0,1,0,
T201117-01,エルジカン,20,,30007,PP,BC03B,N,その他,,,0,0,1,0,
T29037,カンセツゾクグ,21.8,,30007,PC,EMBI,N,N,,,0,0,1,0,
T291054,カンセツゾクグ,999,,30007,PP,BC03B,N,N,,,0,0,1,0,
T29116,カンセツゾクグ,32.8,,30007,PC,EMBI,N,N,,,0,0,1,0,
T85064-0,フレキパイプ,21,,30007,PC,EMBI,N,N,,,0,0,0,0,
T85187,フレキパイプ,15,,30007,PC,EMBI,N,N,,,0,0,0,0,
UPC-510,スプールキャップ（ピンク）,2.33,,20001,POM,M90-44,7-17-10509,その他,,,0,0,,0,
W002,ターミナル,6.45,,30001,PBT,2002,ED3002,黒,4,29.5,0,0,1,0,2016/8/18 17:09:08
W003,インサート,0.4,,30001,PP,AP03B,N,N,,,0,0,,0,
W003P-6YZ00,アシイタU,10,,10002,PP,AW564,N,N,,,0,0,0,0,
W003P-7PJ00,アシイタU(黒),9.6,,10002,PP,AW564,N,黒,,,0,0,1,0,
W003P-7PL00,アシイタU（グレー）,9.6,,10002,PP,AW564,N,グレー,,,0,0,1,0,
W003P-9CW00,アシイタU,30.2,,10002,PP,AW564,N,黒,,,0,0,1,0,
W003P-9CW00T,アシイタU,30.2,,10002,PP,AW564,N,黒,,,0,0,0,0,
W003P-9SG00,アシイタU,33,,10002,PP,AZ764F5,N,黒,,,0,0,1,0,
W004,インサート（赤袋）,0.4,,30001,PP,AP03B,N,N,,,0,0,,0,
W005B-7PJ00,フゾクドライバーU,7.4,,10002,PP,M100K-P,N,黒,,,0,0,,0,
W006S-6YZ00,カバーU,7.35,,10002,PP,M100K-P,N,N,,,0,0,,0,
W0110-6JU00,ハンガー,11.96,,10002,PP,BC03B,3-21-11442,白,,,0,0,,1,
W0110-6JU00D,ハンガー,11.96,,10002,PP,BC03B,3-21-11442,白,,,0,0,,0,
W0110-6TB00,ハンガー,10.05,,10002,PP,AW564,3-21-11442,白,,,0,0,,0,
W0110-6YZ00H,ハンガー,17,,10002,PP,AW564,PKM-80263N-34,白,,,0,0,,0,
W0110-6YZ00L,ハンガー（ベージュ）,17,,10002,PP,AW564,PKM-77113C-34,その他,,,0,0,,0,
W0110-8RT00K,ハンガー,17,,10002,PP,M100,GRAY,グレー,6,,0,1,0,0,
W0110-8RT00L,ハンガー（ベージュ）,17,,10002,PP,AZ764F5,PPM-A142380-34,その他,6,,0,1,0,0,
W0110-8RT00M,ハンガー（白）,17,,10002,PP,AZ764F5,PKM-76000-34,白,6,31,0,1,0,0,2016/8/18 17:09:08
W0190-5VP00,フタフック,25.4,,10001,ABS,ABS700,N,その他,,,0,0,,1,
W0193-7LY00,フタチョウバンジク,3.98,,10002,POM,F20-03,N,N,,,0,0,1,0,
W0300-7CN10,フィルターC,97,,10001,PP,OX842B:BC03B(4:6),WN-12,グレー,,,0,0,,0,
W0337-6NA10,チョウセイジクウケ,7.3,,10002,POM,F20-03,N,N,,,0,0,0,0,
W0339-7PJ00,アシゴム（＋ ）,14.2,,10002,PP,AP03B,N,N,,,0,0,,0,
W0339-7PJ10,アシゴム,5,,10002,PP,BC03B,N,その他,,,0,0,1,0,
W0339-7PL00,アシゴム（マイナス）,14.8,,10002,PP,AP03B,N,N,,,0,0,,0,
W0339-7PL10,アシゴム,50,,10002,PP,BC03B,N,その他,,,0,0,1,0,
W0339-7TE00,アシゴム,20,,10002,PP,BC03B,N,白,,,0,0,0,0,
W0339-9CW00,アシゴム,21,,10002,PP,AW564,N,N,,,0,0,0,0,
W0339-9CW00T,アシゴム,21,,10002,PP,AW564,N,N,,,0,0,1,0,
W0339-9SG00,アシイタU,33,,10002,PP,AZ764F5,N,黒,,,0,0,0,0,
W0340-6TB00,アシブラケット,15.1,,10002,PP,AW564,L3,白,,,0,0,,1,
W0341-7PJ00,アシイタ黒,9.5,,10002,PP,AW564,N,黒,,,0,0,1,0,
W0341-7PJ00T,アシトリツケイタ,10,,10002,PP,AW564,N,黒,,,0,0,1,0,
W0341-7PL00,アシイタグレー,9.5,,10002,PP,AW564,N,グレー,,,0,0,1,0,
W0348-6TC10,アシイタB,18,,10002,PP,AW564,N,白,,,0,0,0,0,
W0439-6CB00,ボウスイフロアシール,2,,10002,PP,BC03B,N,N,,,0,0,0,0,
W0514-7CN00,キャップA,1.71,,10002,PP,7074604B,,白,,,0,0,,1,
W0514-7CN00D,キャップA,1.71,,10002,PP,AZ764F5,PKM-76000-34,白,,,0,0,,0,
W0514-7CN00F,キャップA,1.71,,10002,PP,AZ764F5,PKM-77113C-34,その他,,,0,0,,0,
W0514-7EP00,キャップA,2.5,,10002,PP,AZ764F5,PKM-76000-34,その他,,,0,0,,1,
W0514-7EP00J,キャップA,2.5,,10002,PP,AZ764F5,PKM-86533-26,赤,,,0,0,,0,
W0514-7EP00K,キャップA,2.5,,10002,PP,AZ764F5,PKM-76000-34,白,,,0,0,,0,
W0514-7EP00L,キャップA,2.5,,10002,PP,AZ764F5,PKM-77113C-34,,,,0,0,,0,
W0514-7JG00K,キャップA,2.95,,10002,PP,AZ764F5,PKM-76000-34,白,,,0,0,,0,
W0514-7JG00L,キャップA,3,,10002,PP,AZ764F5,PKM-77113C-34,その他,,,0,0,,0,
W0514-7PJ00K,キャップA,2.9,,10002,PP,AZ764F5,N,白,,,0,0,,0,
W0514-7PJ00L,キャップA,2.9,,10002,PP,AZ764F5,N,その他,,,0,0,,0,
W0545-8RT00,リードセンカバー,29,,10002,PET,5402SER,TK-E3937,黒,2,25,0,1,0,0,2016/8/18 17:09:08
W0602-92000,ボタン,3.58,,10002,ABS,ABS121-S27,N,N,,,0,0,1,0,
W0602-BN7,ボビン7,0.8,,10002,POM,M90-44,CF2001,N,8,,0,1,0,0,
W0602-BTA92D1,ボタンA92号,3.6,,10002,ABS,ABS121-S27,N,グレー,,,0,0,0,0,
W0602-BTA92D2,ボタンA92号,3.58,,10002,ABS,ABS121-S27,MABS-109720,白,8,27,0,1,1,0,2016/8/18 17:09:08
W0602-BTA92U2,ボタンA92号,3.6,,10002,ABS,ABS121-S27,N,グレー,,,0,0,0,0,
W0602-BTA92X2,ボタンA92X2,4.7,,10002,ABS,ABS121-S27,N,その他,,,0,0,0,0,
W0602-BTA92Z1,ボタンA-92号Z1,3.58,,10002,ABS,ABS121-S27,5SA2295,グレー,,,0,0,,0,
W0602-BTA94K2,ボタンA94号,4.4,,10001,ABS,ABS330,N,黒,,,0,0,,0,
W0602-F89,フタ89号,9.8,,10002,ABS,SER91,N,N,7,33,0,1,0,0,2016/8/18 17:09:08
W0602-KT19,カドウタイ19号,0.26,,10002,POM,F20-03,N,N,8,25,0,0,1,0,2016/8/18 17:09:08
W0602-TM99,ツマミ99号,2.43,,10002,ABS,ABS121-S27,N,その他,,,0,0,1,0,
W0602-ZBA88,ゼツエンバン88号,0.41,,10002,ABS,SER20,N,N,7,25,0,0,,0,
W0860-7JH00,ファンイタA,37.75,,10002,ABS,VE0860P,BK,黒,,,0,0,,0,
W0860-7LY00,ファンイタA,47.7,,10002,ABS,VE0860P,BK,黒,,,0,0,,0,
W0860-7LY00C,ファンイタA,23.5,,10002,ABS,VE0860P,BK,黒,1,,0,1,0,0,
W0862-7EP00,ファンイタC,33.6,,10002,PET,5402SER,TK-E3937,黒,,,0,0,,0,
W0877-7CM00,ケーシング?イタB,13.15,,10002,PP,BC03B,N,N,,,0,0,,0,
W0877-8DZ00,ケーシングイタB,13.6,,10002,PP,M100K-P,N,黒,,,0,0,0,0,
W0878-7CM00,ケーシングイタC,7.53,,10002,PP,BC03B,N,N,,,0,0,,0,
W0878-8DZ00,ケーシングイタC,10.8,,10002,PP,M100K-P,N,黒,2,27,0,1,0,0,2016/8/18 17:09:08
W08780970-7CM00,ケーシング?イタCスペーサー,7.53,,10002,PP,AW564,N,N,,,0,0,,1,
W0907-7CM00,ケーシング,7.53,,10002,PP,AW564,N,N,,,0,0,,1,
W0970-7CM00,ケーシングイタC.スペーサー,7.53,,10002,PP,BC03B,N,N,,,0,0,,0,
W1188-6YZ00,カバー,7.3,,10002,PP,M100K-P,N,黒,,,0,0,0,0,
W1299-80220,エアートラップB,4.1,,10002,PP,BC03B,N,N,4,25,0,1,,0,2016/8/18 17:09:08
W1307-6MJ00,ヒーターカナグA,24,,10002,PET,CE-3010,N,黒,,,0,0,1,0,
W1308-6MJ20,ヒーターカナグB,6.8,,10002,PET,CE-3010,N,黒,,,0,0,1,0,
W160K-KT19,カドウタイ,0.26,,10002,POM,F20-03,N,N,,,0,0,,0,
W1661-BS72A,ベース72号,3.4,,10002,ABS,ABS440,N,N,,,0,0,,0,
W1803-60000,ボウスイフロア,120,,99999,PP,M100K-P,N,黒,,,0,0,1,0,
W1803-6CB10,ボウスイフロアーアテイタ,122,,10002,PP,M100K-P,N,黒,,,0,0,,1,
W1803-6CB20,ボウスイフロアアテイタA,122,,10002,PP,M100K-P,N,黒,,,0,0,1,0,
W190A-5VP10,フタフックカンU,25.4,,10001,ABS,ABS700,N,白,,,0,0,,1,
W2106-5VP00,ゼツエンシートA,74,,10001,ABS,SER91,N,N,,,0,0,,1,
W2131-5VP00,ラッチA,2.7,,10001,POM,FX-11J,N,その他,,,0,0,,1,
W2131-6NA10,ラッチA,8.17,,10002,POM,F20-03,N,N,,,0,0,,1,
W2131-6NA20,ラッチA,8.2,,10002,POM,F20-03,N,N,,,0,0,,0,
W2131-6SB00,ラッチA,1.75,,10002,POM,FX-11J,N,N,,,0,1,,0,
W2131-7PJ00,ラッチAL,10.7,,10002,POM,F20-03,N,N,,,0,0,,1,
W2131-7PJ10,ラッチAL,10.4,,10002,POM,NW-02,N,N,,,0,0,,1,
W2131-7PJ20,ラッチAL,10.3,,10002,POM,NW-02,N,N,,,0,0,0,0,
W2131-7PK00,ラッチAR,10.9,,10002,POM,F20-03,N,N,,,0,0,,1,
W2131-7PK10,ラッチAR,10.4,,10002,POM,NW-02,N,N,,,0,0,,1,
W2131-7PK20,ラッチAR,10.3,,10002,POM,NW-02,N,N,,,0,0,0,0,
W2131-8RT00,ラッチAL,14.5,,10002,POM,NW-02,N,N,,,0,0,,1,
W2131-8RT10,ラッチAL,14.2,,10002,POM,NW-02,N,N,,,0,0,,1,
W2131-8RT20,ラッチAL,14.1,,10002,POM,NW-02,N,N,4,31,0,1,,0,2016/8/18 17:09:08
W2131-8RU00,ラッチAR,14.5,,10002,POM,NW-02,N,N,,,0,0,,1,
W2131-8RU10,ラッチAR,14.4,,10002,POM,NW-02,N,N,,,0,0,,1,
W2131-8RU20,ラッチAR,14.3,,10002,POM,NW-02,N,N,4,31,0,1,,0,2016/8/18 17:09:08
W2131-9SG00,ラッチA,9.3,,10002,POM,NW-02,N,N,2,24,0,0,,1,2016/8/18 17:09:08
W2131-9SG10,ラッチA,9.3,,10002,POM,NW-02,N,N,2,24,0,1,,0,
W2426-7EN00,コントローラーケース,17.8,,10002,ABS,VE0860P,BK,黒,,,0,0,,0,
W2426-7ES00,コントローラーケース,13.72,,10002,ABS,VE0860P,BK,黒,,,0,0,,0,
W2426-7JH00,コントローラーケース,37.75,,10002,ABS,VE0860P,BK,黒,,,0,0,,1,
W2426-7JH10,コントローラーケース,24.9,,10002,ABS,VE0860P,BK,黒,,,0,0,,0,
W2426-7LZ00,コントローラーケース,47.7,,10002,ABS,VE0860P,BK,黒,,,0,0,,0,
W2427-7EM00,コントローラーケース,28.72,,10002,ABS,VE0860P,BK,黒,,,0,0,,0,
W2498-6KA00,ホルダーB,2.65,,10002,PP,AW564,N,N,,,0,0,,1,
W3440-8RT00,サスペンションキャップ,3.9,,10002,POM,FX-11J,N,N,4,25,0,1,,0,2016/8/18 17:09:08
W4526-7AU00,フウドウシキリバン,18.45,,10002,PP,BWA52,N,緑,,,0,0,,0,
