4,2号機,14:30,MLD-MD-20035,"MD-SPA-FフランジST-L カイ1",　
5,1号機,08:00,W2131-8RT30,ラッチAL,　
5,1号機,09:00,P1126-93010,タンクウケステーA,　
5,2号機,08:00,MLD-MD-20035,"MD-SPA-FフランジST-L カイ1",　
5,2号機,14:30,P0192-63040,フタチョウバンL,　
5,3号機,08:00,BON-MD-20023,"MD-SPA-ボビン カイ1",　
5,4号機,08:00,MLD-EX-20002,PPキャップΦ56,　
5,5号機,08:00,CAS-NDS-20001,NDS-カセットCASE-1,　
5,5号機,13:00,MLD-MD-20049,MD-M1E-PフランジL,　
5,6号機,08:00,MLD-MD-20036,"MD-SPA-FフランジT-R カイ1",　
5,7号機,08:00,BON-NDS-20001,NDS-カードボビン,　
5,8号機,08:00,H2364-41200,ハイキコウガイド,　
5,8号機,09:00,W1299-80220,エアートラップB,　
5,9号機,08:00,W002,ターミナル,　
6,1号機,08:00,P1126-93010,タンクウケステーA,　
6,2号機,08:00,P0192-63040,フタチョウバンL,　
6,3号機,08:00,BON-MD-20023,"MD-SPA-ボビン カイ1",　
6,4号機,08:00,MLD-EX-20002,PPキャップΦ56,　
6,4号機,09:00,P2166-67370,"カゴピンB（L） ",　
6,5号機,08:00,MLD-MD-20049,MD-M1E-PフランジL,　
6,5号機,13:00,ARACBA905051,ベースLEDトップ,　
6,6号機,08:00,MLD-MD-20036,"MD-SPA-FフランジT-R カイ1",　
6,7号機,08:00,BON-NDS-20001,NDS-カードボビン,　
6,8号機,08:00,W1299-80220,エアートラップB,　
6,9号機,08:00,W002,ターミナル,　
7,1号機,08:00,P1126-93010,タンクウケステーA,　
7,1号機,09:00,MLD-MD-20035,"MD-SPA-FフランジST-L カイ1",　
7,2号機,08:00,P0192-63040,フタチョウバンL,　
7,3号機,08:00,BON-MD-20023,"MD-SPA-ボビン カイ1",　
7,3号機,09:00,P0335-36420,チョウセイアシ,　
7,4号機,08:00,P2166-67370,"カゴピンB（L） ",　
7,5号機,08:00,ARACBA905051,ベースLEDトップ,　
7,6号機,08:00,MLD-MD-20036,"MD-SPA-FフランジT-R カイ1",　
7,6号機,09:00,AWW0970A0CW0,スペーサ,　
7,7号機,08:00,BON-NDS-20001,NDS-カードボビン,　
7,9号機,08:00,W002,ターミナル,　
8,1号機,08:00,MLD-MD-20035,"MD-SPA-FフランジST-L カイ1",　
8,2号機,08:00,P0192-63040,フタチョウバンL,　
8,2号機,13:00,BON-MD-20015,MD-CP30ボビン,　
8,3号機,08:00,P0335-36420,チョウセイアシ,　
8,3号機,09:00,P1127-93000,タンクウケステーBL,　
8,4号機,08:00,P2166-67370,"カゴピンB（L） ",　
8,4号機,09:00,MLD-EX-20001,樹脂ｷｬｯﾌﾟS-35,　
8,5号機,08:00,ARACBA905051,ベースLEDトップ,　
8,5号機,09:00,P0120-82210,ホースホルダーA,　
8,6号機,08:00,AWW0970A0CW0,スペーサ,　
8,6号機,09:00,P2922-02C00,キュウスイベンカラー,　
8,7号機,08:00,BON-NDS-20001,NDS-カードボビン,　
8,9号機,08:00,W002,ターミナル,　
9,1号機,08:00,MLD-MD-20035,"MD-SPA-FフランジST-L カイ1",　
9,2号機,08:00,BON-MD-20015,MD-CP30ボビン,　
9,3号機,08:00,P1127-93000,タンクウケステーBL,　
9,4号機,08:00,MLD-EX-20001,樹脂ｷｬｯﾌﾟS-35,　
9,4号機,09:00,P2166-93020," カゴピンB ",　
9,5号機,08:00,P0120-82210,ホースホルダーA,　
9,7号機,08:00,BON-NDS-20001,NDS-カードボビン,　
9,9号機,08:00,W002,ターミナル,　
10,9号機,08:00,W002,ターミナル,　
