product_code,product_name,m_grade,col_num,1
5J042-52352,プーリ,M90-44,CF2001,1
A106,ケーシングエンド,M90-44,CF2001,1
ARACBA905051,ベースLEDトップ,H350,SKM-90619-51,1
ARACCB205040,キャップＰＣダクト,BC60CN,PKM-91438B-51,1
AWW0110A01T0,ハンガー（ベージュ）,AZ764F5,PPM-A142380-34,1
AWW0110A01W0,ハンガー（白）,AZ764F5,PKM-76000-34,1
AWW0110A0CH0,ハンガ,AZ764F5,PPM-A172387-21,1
AWW0110A5ZA0,ハンガ（ストーンベージュ）,AZ764F5,PPM-A200169-34,1
AWW0110A5ZA0-TA5,ハンガ（ストーンベージュ）,AZ764F5,PPM-A200169-34,1
AWW0110A8GA0-HA0,ハンガ(スモーキーブラック),AZ764F5,PPM-A203260-34,1
AWW0195A1Z00,フタチョウバントリツケイタA,F20-03,N,1
AWW0970A0CH0,スペーサ,AZ764F5,PPM-A142380-34,1
AWW0970A0CW0,スペーサ,AZ764F5,PKM-76000-34,1
AWW0970A8GA0-HA0,スペーサー(スモーキーブラック),AZ764F5,PPM-A203260-34,1
AWW1096A1ZH0,フタサッシA(シルバー),AZ564,PPM-A200123-34,1
AWW1096A1ZJ0,フタサッシA(ブラウン),AZ564,PPM-A190766-34,1
AWW1096A1ZS0,フタサッシA(ライトグレー),AZ564,PPM-A190439-26,1
AWW1096A1ZT0,フタサッシA(シャンパン),AZ564,PPM-A190438-34,1
AWW1096A1ZW0,フタサッシA(ホワイト),AZ564,PPM-A190440-34,1
AWW1096A7JA0-JA0,フタサッシA,AZ564,PPM-A202796-34,1
AWW1097A1ZH0,フタサッシB(シルバー),AZ564,PPM-A200123-34,1
AWW1097A1ZJ0,フタサッシB(ブラウン),AZ564,PPM-A190766-34,1
AWW1097A1ZS0,フタサッシB(ライトグレー),AZ564,PPM-A190439-26,1
AWW1097A1ZT0,フタサッシB(シャンパン),AZ564,PPM-A190438-34,1
AWW1097A1ZW0,フタサッシB(ホワイト),AZ564,PPM-A190440-34,1
AWW1097A7JA0-JA0,フタサッシB,AZ564,PPM-A202796-34,1
AWW1238A1900,ボウスイカバー,M100K-P,N,1
AWW1295A85A0-0A0,ホースホルダB,M100K-P,N,1
AWW1720A85A0-0A0,ガイドピンA,NW-02,N,1
AWW2103A1Z00,フタチョウバンザガネ,NW-02,N,1
AWW2111A0CH0,ビスキャップ,AZ764F5,PPM-A142380-34,1
AWW2111A0CW0,ビスキャップ,AZ764F5,PKM-76000-34,1
AWW2111A8GA0-HA0,ビスキャップ(スモーキーブラック）,AZ764F5,PPM-A203260-34,1
AWW2131A0C00,ラッチA,NW-02,N,1
AWW2131A85A0-0A0,ラッチA,NW-02,N,1
AWW2415A85A0-0A0,コネクタケースB,5402SAR,TK-E5076,1
BB00837-Z00-2,砥石ホルダー,NT400,MPN108688,1
BB00837-Z01,砥石ベース（ネイビー）,T401,MPN137161,1
BON-CO-20002,CO-A4ボビン,HT60,SPAB-851HC,1
BON-DFL-20008,DFL-ARボビンSP,HT60,RH27,1
BON-DFL-20009,DFL-ARボビンTU,HT60,RH27,1
BON-EX-20015,EX-STD-FボビンTカイ2,H450,N,1
BON-EX-20018,EX-STD-FボビンTミチビキ,H450,N,1
BON-EX-20019,EX-F-AUBEボビンSクロ,ABS700,SPAB-851HC,1
BON-EX-20020,EX-F-AUBEボビンTクロ,ABS700,SPAB-851HC,1
BON-HG5-20024,UPC-510スプール(T),H8765,N,1
BON-HG5-20025,UPC-510スプール（S）,H8765,N,1
BON-IA-20002,CVS-Sﾎﾞﾋﾞﾝ68xx(180),HT60,RH27,1
BON-IA-20003,CVS-Sﾎﾞﾋﾞﾝ70xx(191),HT60,RH27,1
BON-IA-20005,CVS-Sボビン88xx(240),HT60,RH27,1
BON-IA-20006,CVS-Tボビン8ｲﾝﾁﾖｳ(244),HT60,RH27,1
BON-MD-20015,MD-CP30ボビン,H8765,SPAB851HC,1
BON-MD-20023,MD-SPA-ボビン カイ1,HT60,RH27,1
BON-MD-20026,MD-M1EボビンTU,F20-03,N,1
BON-NDS-20002,NDS-カセットヨウボビン,HT60,RH27,1
BON-SO-20024,HG5ボビン(T)セット(ピンク)カイ2,H8765,N,1
BON-SO-20025,HG5ボビン（S）セット（ピンク）カイ3,H8765,N,1
CAS-MD-20009,MD-CP30カセットベース,ABS330,CABS-101647,1
CAS-MD-20015,カバーカセットS3P,ABS330,SPAB-851HC,1
CAS-MD-20016,カバーカセットL3P,ABS330,SPAB-851HC,1
CAS-MD-20019,カバーカセットS3PAL,ABS330,SPAB-851HC,1
CAS-MD-20020,カバーカセット(L3P)OEM2,ABS330,SPAB-851HC,1
CAS-MD-20021,MD-M1EカセットR,F20-03,N,1
CAS-MD-20022,MD-M1EカセットL,F20-03,N,1
CAS-NDS-20001,NDS-カセットCASE-1,ABS700,SPAB-851HC,1
CAS-NDS-20002,NDS-カセットCASE-2,ABS700,SPAB-851HC,1
CG-0827,MU10ケース,D-1022,L1618,1
F9MP161020,本体AB,ABS700,EX4-28-27436,1
F9MP161021,本体B,ABS700,EX4-28-27436,1
F9MP161022,ガイド,ABS100-322,EX4-28-27436,1
FJBHC00X1X,スティックマーカー本体キャップ茶色,BC03B,PY-K2279-G,1
FJBHC00X5X,スティックマーカー本体キャップ緑,BC03B,PY-L2605F,1
FJBHC00X6X,スティックマーカーキャップ青色,BC03B,3-21-16743,1
FJBHC00XGX,スティックマーカーキャップ黄緑色,BC03B,3-22-19977,1
FJBHC00XSX,スティックマーカーキャップ水色,BC03B,PY-S2299H,1
FJBHK00X1X,スティックマーカー本体ケース(茶）,BC03B,PY-K2279-G,1
FJBHK00X5X,スティックマーカー本体ケース緑,BC03B,PY-L2605F,1
FJBHK00X6X,スティックマーカーケース青,BC03B,3-21-16743,1
FJBHK00XGX,スティックマーカーケース黄緑色,BC03B,3-22-19977,1
FJBHK00XSX,スティックマーカーケース水色,BC03B,PY-S2299H,1
G-NDIA-04A,ユニオンナット,V7000,N,1
G-RGIA-04,コネクティングロット,V7000,N,1
H0193-44200,フタチョウバンジク,F20-03,N,1
H0509-34430,メタルA,FW-24,N,1
H1193-34420D,ドアキャッチA,FX-11J,HK-54024,1
H1307-34420,ヒーターカナグA,CE-3010,N,1
H1307-40310,ヒーターカナグA,CE-3010,N,1
H1308-38740,ヒーターカナグB,CE-3010,N,1
H1308-40310,ヒーターカナグB,CE-3010,N,1
H1316-40300,ヒーターカバー,BN-9030,BK,1
H2131-36600D,ラッチA,FX-11J,HK-54024,1
H2131-36600X,ラッチA,FX-11J,DY-T2998F,1
H2364-41200,ハイキコウガイド,BC03B,N,1
H85064-0,フレキパイプ,EMBI,N,1
J199,ブッシュ,MK3F,N,1
LV-2013,樹脂ファンネル,AW564,N,1
MLD-CO-20009,CO-A4フランジT,HT60,RH27,1
MLD-CO-20010,CO8*10フランジS,HT60,SPAB-851HC,1
MLD-CO-20011,CO-8*10ギアフランジS,HT60,SPAB-851HC,1
MLD-CO-20012,CO-A4ギアフランジT,HT60,RH27,1
MLD-CO-20013,CO-A4フランジキャップ,HT60,RH27,1
MLD-CO-20014,フランジTセット,HT60,RH27,1
MLD-CO-20021,CO-A4フランジS,HT60,SPAB-851HC,1
MLD-CO-20022,CO-A4ギアフランジ,HT60,SPAB-851HC,1
MLD-EX-20001,樹脂ｷｬｯﾌﾟS-35,BC03B,N,1
MLD-EX-20002,PPキャップΦ56,BC03B,N,1
MLD-EX-20008,EX-F-AUBEフランジSAクロ,ABS700,SPAB-851HC,1
MLD-EX-20009,EX-F-AUBEフランジSCクロ,ABS700,SPAB-851HC,1
MLD-EX-20010,EX-F-AUBEフランジキャップクロ,ABS700,SPAB-851HC,1
MLD-MD-20031,MD-SPA-FフランジS-R1カイ1,HT60,RH27,1
MLD-MD-20032,MD-SPA-FフランジS-R2カイ1,HT60,RH27,1
MLD-MD-20034,MD-CP900ICホルダーカイ2,HT60,RH27,1
MLD-MD-20035,MD-SPA-FフランジST-L カイ1,HT60,RH27,1
MLD-MD-20036,MD-SPA-FフランジT-R カイ1,HT60,RH27,1
MLD-MD-20045,MD-M1E-F-フランジS-R1,HT60,RH27,1
MLD-MD-20046,MD-M1E-F-フランジS-L,HT60,RH27,1
MLD-MD-20047,D-M1E-FフランジS-R2,HT60,RH27,1
MLD-MD-20048,MD-M1E-PフランジR,F20-03,N,1
MLD-MD-20049,MD-M1E-PフランジL,F20-03,N,1
MLD-MD-20050,MD-M1E-PフランジＲ(5インチ),F20-03,N,1
MLD-MD-20051,MD-M1E-PフランジL(5インチ),F20-03,N,1
MLD-MD-20052,MD-SPA-FフランジT-Rオレンジ,HT60,MSD-514719,1
MLD-MD-20053,MD-SPA-FフランジT-Rクロ,HT60,SPAB-851HC,1
MLD-MD-20054,MD-M1E-FフランジS-R1(アイボリー),HT60,RH27,1
MLD-MD-20055,MD-M1E-FフランジS-R1(アイボリー)カイ1,HT60,RH27,1
MLD-MD-20056,MD-M1E-FフランジS-R2カイ1,HT60,RH27,1
MLD-MD-20057,MD-M1E-F-フランジS-Lカイ1,HT60,RH27,1
MLD-MD-20058,MD-M1E-F-フランジS-R1 カイ1,HT60,RH27,1
MLD-MD-20059,MD-M1E-PフランジRカイ1,F20-03,N,1
MLD-MD-20060,MD-M1E-Pフランジ（5インチ）カイ1,F20-03,N,1
MLD-NDS-20001,NDS-カセットヨウシャフトビン,F20-03,7-22-20154,1
MLD-NDS-20002,NDS-カセットヨウノブ,F20-03,7-22-20154,1
P001V-06G00,ボディホキョウU,M100K-P,N,1
P002X-05Z10,フィルターAU,EOX0440A:BC03B(4:6),WN-12,1
P002X-05Z20,フィルターAU ,EOX0440A:BC03B(4:6) ,WN-12 ,1
P002X-05Z20J,フィルタＡＵ(ダークグレー）,EOX0440A:BC03B(4:6) ,PPM-A202436-21,1
P002X-93020,フィルターAU,EOX0440A:BC03B(4:6),WN-12,1
P002X-93030,フィルターAU ,EOX0440A:BC03B(4:6) ,WN-12 ,1
P007C-L71,レバー71,CM-1014-V0,M040B2,1
P007C-L72,レバー72号,CM-1014-V0,M040B2,1
P007C-ZBA93,ゼツエンバンA93号,CM-1014-V0,M040B2,1
P008A-24800,ランナーU,V7000,N,1
P0120-82200,ホースホルダーA,M100K-P,N,1
P0120-82210,ホースホルダーA,M100K-P,N,1
P0128-39020,ホースアナカバー,M100K-P,N,1
P0166-93020,カゴハンガー,EOX0440A:BC03B(4:6),3-11-15949,1
P0166-93130,カゴハンガー,EOX0440A:BC03B(4:6),3-11-15949,1
P0170-67300,ホースハンガー,M100K-P,N,1
P0170-96500,ホースハンガー,M100K-P,N,1
P0171-06F00,ボデーバンドA,M100K-P,N,1
P0171-06G00,ボデーバンドA,M100K-P,N,1
P0171-13R00,ボデーバンドA,M100K-P,N,1
P0174-06G00,ボデーバンドBサポータ,BC03B,N,1
P0179-31300,ハイスイホースホルダー,AW564,N,1
P0192-63040,フタチョウバンL,F20-03,N,1
P0192-63050,フタチョウバンR,F20-03,N,1
P0202-82220,タンクB,OX842B1:BC03B(4:6),WN-12,1
P0219-39040,フィルターフック,OX842B1:BC03B(4:6),WN-12,1
P0242-07250S,ホースジョイント,H501,N,1
P0242-12700,ホースジョイント,H501,N,1
P0242-67300,ホースジョイント,V7000,N,1
P0335-36420,チョウセイアシ,M100K-P,N,1
P0335-PC450K,チョウセイアシ,PGT-1920M,BK,1
P0343-PC450K,チョウセイツマミ,PGT-1920M,N,1
P0351-39000,アシイタC,M100K-P,N,1
P0351-39010,アシイタC,M100K-P,N,1
P0511-24800,シャフトスラストカラー,V7000,N,1
P0514-15X00,キャップA,BC03B,PPM-A202436-21,1
P0545-83900,リードセンカバー,5402SER,TK-E3937,1
P0624-45900,スイッチプレートB,AW564,N,1
P0719-04600,ローラーストッパー,E7000,N,1
P0725-27500K,ハンドルヘッド,ABS700,7-28-18121,1
P0807-24810,ランナーC,V7000,N,1
P0881-27500,ノズルジクウケ,V7000,PK-22944N,1
P0890-31330,シャワーヘッド,EOX0440A:BC03B(4:6),WN-12,1
P0970-15Y00,スペーサーL,ABS700,ABSKM-67943-21,1
P0970-15Y10,スペーサーR,ABS700,ABSKM-67943-21,1
P0970-15Z00,スペーサーL,ABS700,ABSKM-67943-21,1
P0970-15Z10,スペーサーR,ABS700,ABSKM-67943-21,1
P1126-13R00, タンクウケステーA(L),NW-02,N,1
P1126-13S00, タンクウケステーA(R),NW-02,N,1
P1126-62920,タンクウケステーA,FX-11J,N,1
P1126-62930,タンクウケステーA　R,FX-11J,N,1
P1126-93010,タンクウケステーA,NW-02,N,1
P1127-13R00, タンクウケステーB(L),F20-03,N,1
P1127-13R10,タンクウケステーB(L),F20-03,N,1
P1127-13S00, タンクウケステーB(R）,F20-03,N,1
P1127-15V00,タンクウケステーB（L）,F20-03,N,1
P1127-62920,タンクウケステーB,F20-03,N,1
P1127-62930,タンクウケステーBR,F20-03,N,1
P1127-93000,タンクウケステーBL,F20-03,N,1
P1127-93010,タンクウケステーBL,F20-03,N,1
P1127-93100,タンクウケステーB(R),M100K-P,N,1
P1141-34200,フタストッパーA,F20-03,7-28-18121,1
P1171-02E10,カゴトッテ,EOX0440A:BC03B(4:6),DB3-14-11898,1
P1189-02E20,コモノイレA,EOX0440A:BC03B(4:6),3-11-15949,1
P1189-02E30,コモノイレA,EOX0440A:BC03B(4:6),3-11-15949,1
P1189-02N10,コモノイレA,EOX0440A:BC03B(4:6),3-11-15949,1
P1189-13R00, コモノイレA,EOX0440A:BC03B(4:6),3-11-15949,1
P1189-15V00,コモノイレA,EOX0440A:BC03B(4:6),3-11-15949,1
P1189-15V00J, コモノイレA(ダークグレー),EOX0440A:BC03B(4:6),PPM-A202436-21,1
P1189-22050,コモノイレA,EOX0440A:BC03B(4:6),3-11-15949,1
P1189-31340,コモノイレA,EOX0440A:BC03B(4:6),3-11-15949,1
P1189-31350,コモノイレA,EOX0440A:BC03B(4:6),3-11-15949,1
P1192-62900,SFスイッチレバー　L,F20-03,N,1
P1192-62910,SFスイッチレバー　R,F20-03,N,1
P1226-31320,ホジョタンクA,EOX0440A:BC03B(4:6),WN-12,1
P122A-31330,ホジョタンクAU,EOX0440A:BC03B(4:6),WN-12,1
P1295-10M00,ホースホルダーB,M100K-P,N,1
P1295-82200,ホースホルダーB,M100K-P,N,1
P14J,トリガー小,F20-03,N,1
P1663-08920,SFスイッチイタA,1010N2,N,1
P1663-62920,SFスイッチイタAL,ABS700,N,1
P1663-62930,SFスイッチイタAR,ABS700,N,1
P1664-62900,SFスイッチイタB,ABS700,N,1
P1664-62910,SFスイッチイタB(R),ABS700,N,1
P1728-02E20,スライドイタA,EOX0440A:BC03B(4:6),3-11-15949,1
P1728-06F10,スライドイタA,EOX0440A:BC03B(4:6),3-11-15949,1
P1856-27510,パイプAパッキングA,BC03B,N,1
P2125-02N10,カゴB,EOX0440A:BC03B(4:6),3-11-15949,1
P2125-10M00,カゴB,EOX0440A:BC03B(4:6),3-11-15949,1
P2125-10M00J,カゴB(ダークグレー),EOX0440A:BC03B(4:6),PPM-A202436-21,1
P2125-13R00,カゴB,EOX0440A:BC03B(4:6),3-11-15949 ,1
P2131-15V00,ラッチＡ,F20-03,"POM-A123406-11 	",1
P2131-93020,ラッチA,EOX0440A:BC03B(4:6),WN-12,1
P2132-93010,ラッチB,FX-11J,N,1
P2133-93020,ラッチイタ,F20-03,N,1
P2140-13R00, コモノイレＢ,EOX0440A:BC03B(4:6),3-11-15949,1
P2140-42410,コモノイレB,EOX0440A:BC03B(4:6),3-11-15949,1
P2141-15W00,コモノイレC,EOX0440A:BC03B(4:6),3-11-15949,1
P2141-15W00J,コモノイレC(ダークグレー),EOX0440A:BC03B(4:6),PPM-A202436-21,1
P2150-02E00,センザイイレ,EOX0440A:BC03B(4:6),3-11-15949,1
P2150-02E10, センザイイレ,EOX0440A:BC03B(4:6),3-11-15949,1
P2150-02E10S,センザイイレA,EOX0440A:BC03B(4:6),3-11-15949,1
P2150-15X00,センザイイレA,TPX,N,1
P2150-45900,センザイイレA,EOX0440A:BC03B(4:6),VG2066,1
P2150-47400,センザイイレA,OX766S,VG2066,1
P2151-45940,センザイイレB,EOX0440A:BC03B(4:6),WN-12,1
P2166-02E00,カゴピンB,EOX0440A:BC03B(4:6),3-11-15949,1
P2166-02E10,カゴピンB ,EOX0440A:BC03B(4:6) ,3-11-15949 ,1
P2166-02F10, カゴピンB ,EOX0440A:BC03B(4:6),3-11-15949,1
P2166-02F10J,カゴピンB(ダークグレー),EOX0440A:BC03B(4:6) ,PPM-A202436-21,1
P2166-67360,カゴピンB（L）,EOX0440A:BC03B(4:6),3-11-15949,1
P2166-67370,カゴピンB（L） ,EOX0440A:BC03B(4:6),3-11-15949,1
P2166-67460,カゴピンB（R）,EOX0440A:BC03B(4:6),3-11-15949,1
P2166-67470,カゴピンB（R）,EOX0440A:BC03B(4:6),3-11-15949,1
P2166-93020, カゴピンB ,EOX0440A:BC03B(4:6) ,3-11-15949,1
P2166-93110,カゴピンB ,EOX0440A:BC03B(4:6) ,3-11-15949,1
P2192-45910,センザイイレフタ,OX766S,VG2066,1
P2192-47400,センザイイレフタ,OX766S,VG2066,1
P219A-47400,センザイイレフタカンU,OX766S,VG2066,1
P2297-45910K,ダクトＡ,BC03B,19101,1
P2297-46010S,ダクトA,BC03B,WN-12,1
P2331-15V00,ダンパ,EOX0440A:BC03B(4:6),N,1
P2427-16F00,コントローラーケースフタ,ABS700,ABM-A145122-34,1
P2918-02C20,キュウスイベンイタA,M100K-P,N,1
P2918-02C30,キュウスイベンイタA,M100K-P,N,1
P2918-02C40,キュウスイベンイタA,M100K-P,N,1
P2918-02C50,キュウスイベンイタA,M100K-P,N,1
P2918-39020,キュウスイベンイタA,M100K-P,N,1
P2918-82200,キュウスイベンイタA,M100K-P,N,1
P2918-96510,キュウスイベンイタA,M100K-P,N,1
P2918-96520,キュウスイベンイタA,M100K-P,N,1
P2922-02C00,キュウスイベンカラー,M100K-P,N,1
P2922-82200,キュウスイベンカラー,M100K-P,N,1
P32J,トリガー大,F20-03,SAE-27150-A,1
P3469-13R00,  サドウレバーＡ,FX-11J,N,1
P3471-06F00,サドウレバーピン,F20-03,N,1
P5000-13L00,ウエカバー,SER91X,7X2971-BBR,1
P5001-13L00,ナカカバー,SER91X,7X2971-BBR,1
P5002-13L00,シタカバー,SER91X,7X2971-BBR,1
P5011-13L00,ターンテーブル,F20-03,N,1
RC41-J67,スリーブ,J105H,N,1
RC41-M19,スリーブ,J105H,N,1
RD08-J67,蒸気口キャップ,J105H,OKM-J105-J24,1
RE03-4223HH,ウワワクキャップ,T422-T,N90704,1
RE03-6302HH,ウワワクキャップ,T422-T,N90704,1
RE03-7112HH,ウワワクキャップ,T422-T,N90704,1
RE03-7372HH,ウワワクキャップ,T422-T,N90704,1
RE03-B471HH,ウワワクキャップ,T422-T,N90704,1
RE03-G83-HH,ウワワクキャップ,T422-T-DN90704,N,1
RF46-K59,基板蓋,FR240,N,1
RF51-7962HH,ウワワクキャップ,T422-T,N90704,1
RF51-A451HH,ウワワクキャップ,T422-T,N90704,1
RF51-B471HH,ウワワクキャップ,T422-T,N90704,1
RF52-7962HH,ウワワクキャップ,T422-T,N90704,1
RF52-B471HH,ウワワクキャップ,T422-T,N90704,1
RF53-B471HH,ウワワクキャップ,T422-T,N90704,1
RS72-J67,センサー蓋,J105H,N,1
RS72-M19,センサーフタ,J105H,N,1
RS94-J67,センサーケース,J105H,N,1
RS94-M19,センサーケース,J105H,N,1
T29037,カンセツゾクグ,EMBI,N,1
T29116,カンセツゾクグ,EMBI,N,1
UPC-510,スプールキャップ（ピンク）,M90-44,7-17-10509,1
W002,ターミナル,2002,ED3002,1
W0341-7PJ00,アシイタ黒,AW564,PP-19081,1
W0341-7PJ00T,アシトリツケイタ,AW564,PP-19081,1
W0341-7PL00,アシイタグレー,AW564,PKM-77557C-34,1
W0439-6CB00,ボウスイフロアシール,M100K-P,N,1
W0545-8RT00,リードセンカバー,5402SER,TK-E3937,1
W0602-BN7,ボビン7,M90-44,CF2001,1
W0602-BTA92D2,ボタンA92号,ABS121-S27,MABS-109720,1
W0602-BTA92U2,ボタンA92号,ABS121-S27,MABS109720,1
W0602-F89,フタ89号,SER91,N,1
W0602-KT19,カドウタイ19号,F20-03,N,1
W0602-ZBA88,ゼツエンバン88号,SER20,N,1
W0860-7LY00,ファンイタA,VE0860P,BK,1
W0860-7LY00C,ファンイタA,VE0860P,BK,1
W1299-80220,エアートラップB,BC03B,N,1
W1803-60000,ボウスイフロア,M100K-P,N,1
W1803-6CB20,ボウスイフロアアテイタA,M100K-P,N,1
W2131-6SB00,ラッチA,FX-11J,N,1
W2131-7PJ20,ラッチAL,NW-02,N,1
W2131-7PK20,ラッチAR,NW-02,N,1
W2131-8RT20,ラッチAL,NW-02,N,1
W2131-8RT30,ラッチAL,NW-02,N,1
W2131-8RU20,ラッチAR,NW-02,N,1
W2131-9SG10,ラッチA,NW-02,N,1
W2426-7LZ00,コントローラーケース,VE0860P,BK,1
W3440-8RT00,サスペンションキャップ,FX-11J,N,1
