ﾃﾞｰﾀ処理NO,情報区分ｺｰﾄﾞ,ﾃﾞｰﾀ作成日,発注者ｺｰﾄﾞ,受注者ｺｰﾄﾞ,発注部門ｺｰﾄﾞ,注文番号,製造番号,訂正ｺｰﾄﾞ,ｺｯｸ区分,注文年月日,単位,単価,単価区分,注文数量,注文金額,支給区分,購買担当,材質規格寸法,仕様書有無,版数,品名,受注者品名ｺｰﾄﾞ,発注者品名ｺｰﾄﾞ,図面仕様書枚数,荷姿,直納区分,受渡場所,検査区分,納入指示有無区分,納期,納入指示数量,納入NO,自由使用欄,備考,消費税区分,課税区分,消費税額,合計額,決済条件区分,ｴﾝﾄﾞﾕｰｻﾞｰ名,納入先郵便番号,納入先住所,納入先宛先名,ｴﾝﾄﾞﾕｰｻﾞｰ品名,ｴﾝﾄﾞﾕｰｻﾞｰ品名CD,ｴﾝﾄﾞﾕｰｻﾞｰ注番,指定ﾒｰｶｰ名,納品ｷｰ番号,受渡場所名,発注者用ﾊﾞｰｺｰﾄﾞ,発注者用備考,契約条件区分,発注形態区分,親注文番号,数量契約区分,変更注文区分[1],変更注文区分[2],変更注文区分[3],機種ｺｰﾄﾞ,設計変更番号,図面仕様書番号,要求書種類[1],要求書種類[2],要求書種類[3],要求書種類[4],要求書部数[1],要求書部数[2],要求書部数[3],要求書部数[4],要求書言語[1],要求書言語[2],要求書言語[3],要求書言語[4],戦略物資区分,原産地ｺｰﾄﾞ[1],原産地ｺｰﾄﾞ[2],原産地ｺｰﾄﾞ[3],原産地ｺｰﾄﾞ[4],原産地ｺｰﾄﾞ[5],納入時刻,一括納入番号,発注品仕様,発注部門名,条長[1],条長[2],条長[3],条長[4],条長[5],条長[6],条長[7],条長[8],条長[9],条長[10],条長個数[1],条長個数[2],条長個数[3],条長個数[4],条長個数[5],条長個数[6],条長個数[7],条長個数[8],条長個数[9],条長個数[10],条長単位,工事件名,主材料ｺｰﾄﾞ,主材料ﾍﾞｰｽ,主材料単位,試験成績書要否,試験成績書検査,試験成績書提出,市町村ｺｰﾄﾞ,納入時連絡先,納品書価格表示,購買担当K,材質規格寸法K,品名K,備考K,ｴﾝﾄﾞﾕｰｻﾞｰ名K,納入先住所K,納入先宛先名K,ｴﾝﾄﾞﾕｰｻﾞｰ品名K,指定ﾒｰｶｰ名K,受渡場所名K,発注者用備考K,機種名K,発注品使用K,発注部門名K,工事件名K
1,502,2019/11/29,10801021529,103463,JAFA,4600038169,,1,1,2019/11/29,PC,184.81,1,224,41398,2,DZ7,,,,ﾀﾝｸｳｹｽﾃｰAU(L),,P011A-13R00,0,,1,D500,2--,,2019/11/29,224,38169,,,2,1,0,0,3,,,,,,,,,4600038169,JAFA/J/D500,JAFA/J/D500,JｸｻﾂBI/D500ﾌﾞﾂﾘｭｳ/,,,,,,,,,,,,,,,0,0,0,0,,,,,,,,,,,0,,,,0,0,0,0,0,0,0,0,0,0,0,0,0,0,0,0,0,0,0,0,,,,0,,,,,,,3,,,,,,,,,,,,,,,
1,502,2019/11/30,10801021529,103463,JAFA,4500271271,,1,1,2019/11/30,PC,23.83,1,200,4766,1,DZ7,,,,ｶｺﾞﾊﾝｶﾞ,,P0166-93130,0,,1,D500,4--,,2019/12/10,200,271271,,,2,1,0,0,3,,,,,,,,,4500271271,JAFA/J/D500,JAFA/J/D500,JｸｻﾂBI/D500ﾌﾞﾂﾘｭｳ/,,,,,,,,,,,,,,,0,0,0,0,,,,,,,,,,,0,,,,0,0,0,0,0,0,0,0,0,0,0,0,0,0,0,0,0,0,0,0,,,,0,,,,,,,3,,,,,,,,,,,,,,,
2,502,2019/11/30,10801021529,103463,JAFA,4500271272,,1,1,2019/11/30,PC,23.83,1,200,4766,1,DZ7,,,,ｶｺﾞﾊﾝｶﾞ,,P0166-93130,0,,1,D500,4--,,2019/12/11,200,271272,,,2,1,0,0,3,,,,,,,,,4500271272,JAFA/J/D500,JAFA/J/D500,JｸｻﾂBI/D500ﾌﾞﾂﾘｭｳ/,,,,,,,,,,,,,,,0,0,0,0,,,,,,,,,,,0,,,,0,0,0,0,0,0,0,0,0,0,0,0,0,0,0,0,0,0,0,0,,,,0,,,,,,,3,,,,,,,,,,,,,,,
3,502,2019/11/30,10801021529,103463,JAFA,4500271273,,1,1,2019/11/30,PC,23.83,1,400,9532,1,DZ7,,,,ｶｺﾞﾊﾝｶﾞ,,P0166-93130,0,,1,D500,4--,,2019/12/12,400,271273,,,2,1,0,0,3,,,,,,,,,4500271273,JAFA/J/D500,JAFA/J/D500,JｸｻﾂBI/D500ﾌﾞﾂﾘｭｳ/,,,,,,,,,,,,,,,0,0,0,0,,,,,,,,,,,0,,,,0,0,0,0,0,0,0,0,0,0,0,0,0,0,0,0,0,0,0,0,,,,0,,,,,,,3,,,,,,,,,,,,,,,
4,502,2019/11/30,10801021529,103463,JAFA,4500271274,,1,1,2019/11/30,PC,23.83,1,300,7149,1,DZ7,,,,ｶｺﾞﾊﾝｶﾞ,,P0166-93130,0,,1,D500,4--,,2019/12/16,300,271274,,,2,1,0,0,3,,,,,,,,,4500271274,JAFA/J/D500,JAFA/J/D500,JｸｻﾂBI/D500ﾌﾞﾂﾘｭｳ/,,,,,,,,,,,,,,,0,0,0,0,,,,,,,,,,,0,,,,0,0,0,0,0,0,0,0,0,0,0,0,0,0,0,0,0,0,0,0,,,,0,,,,,,,3,,,,,,,,,,,,,,,
5,502,2019/11/30,10801021529,103463,JAFA,4500271275,,1,1,2019/11/30,PC,2.93,1,500,1465,1,DZ7,,,,ﾎｰｽﾊﾝｶﾞ,,P0170-96500,0,,1,D500,4--,,2019/12/10,500,271275,,,2,1,0,0,3,,,,,,,,,4500271275,JAFA/J/D500,JAFA/J/D500,JｸｻﾂBI/D500ﾌﾞﾂﾘｭｳ/,,,,,,,,,,,,,,,0,0,0,0,,,,,,,,,,,0,,,,0,0,0,0,0,0,0,0,0,0,0,0,0,0,0,0,0,0,0,0,,,,0,,,,,,,3,,,,,,,,,,,,,,,
6,502,2019/11/30,10801021529,103463,JAFA,4500271276,,1,1,2019/11/30,PC,2.93,1,500,1465,1,DZ7,,,,ﾎｰｽﾊﾝｶﾞ,,P0170-96500,0,,1,D500,4--,,2019/12/17,500,271276,,,2,1,0,0,3,,,,,,,,,4500271276,JAFA/J/D500,JAFA/J/D500,JｸｻﾂBI/D500ﾌﾞﾂﾘｭｳ/,,,,,,,,,,,,,,,0,0,0,0,,,,,,,,,,,0,,,,0,0,0,0,0,0,0,0,0,0,0,0,0,0,0,0,0,0,0,0,,,,0,,,,,,,3,,,,,,,,,,,,,,,
7,502,2019/11/30,10801021529,103463,JAFA,4500271277,,1,1,2019/11/30,PC,17.58,1,100,1758,1,DZ7,,,,ﾎﾞﾃﾞｰﾊﾞﾝﾄﾞA,,P0171-06F00,0,,1,D500,4--,,2019/12/16,100,271277,,,2,1,0,0,3,,,,,,,,,4500271277,JAFA/J/D500,JAFA/J/D500,JｸｻﾂBI/D500ﾌﾞﾂﾘｭｳ/,,,,,,,,,,,,,,,0,0,0,0,,,,,,,,,,,0,,,,0,0,0,0,0,0,0,0,0,0,0,0,0,0,0,0,0,0,0,0,,,,0,,,,,,,3,,,,,,,,,,,,,,,
8,502,2019/11/30,10801021529,103463,JAFA,4500271278,,1,1,2019/11/30,PC,13.14,1,1800,23652,1,DZ7,,,,ﾌﾀﾁｮｳﾊﾞﾝ(L),,P0192-63040,0,,1,D500,4--,,2019/12/10,1800,271278,,,2,1,0,0,3,,,,,,,,,4500271278,JAFA/J/D500,JAFA/J/D500,JｸｻﾂBI/D500ﾌﾞﾂﾘｭｳ/,,,,,,,,,,,,,,,0,0,0,0,,,,,,,,,,,0,,,,0,0,0,0,0,0,0,0,0,0,0,0,0,0,0,0,0,0,0,0,,,,0,,,,,,,3,,,,,,,,,,,,,,,
9,502,2019/11/30,10801021529,103463,JAFA,4500271279,,1,1,2019/11/30,PC,13.14,1,3200,42048,1,DZ7,,,,ﾌﾀﾁｮｳﾊﾞﾝ(L),,P0192-63040,0,,1,D500,4--,,2019/12/11,3200,271279,,,2,1,0,0,3,,,,,,,,,4500271279,JAFA/J/D500,JAFA/J/D500,JｸｻﾂBI/D500ﾌﾞﾂﾘｭｳ/,,,,,,,,,,,,,,,0,0,0,0,,,,,,,,,,,0,,,,0,0,0,0,0,0,0,0,0,0,0,0,0,0,0,0,0,0,0,0,,,,0,,,,,,,3,,,,,,,,,,,,,,,
10,502,2019/11/30,10801021529,103463,JAFA,4500271280,,1,1,2019/11/30,PC,13.14,1,3200,42048,1,DZ7,,,,ﾌﾀﾁｮｳﾊﾞﾝ(L),,P0192-63040,0,,1,D500,4--,,2019/12/12,3200,271280,,,2,1,0,0,3,,,,,,,,,4500271280,JAFA/J/D500,JAFA/J/D500,JｸｻﾂBI/D500ﾌﾞﾂﾘｭｳ/,,,,,,,,,,,,,,,0,0,0,0,,,,,,,,,,,0,,,,0,0,0,0,0,0,0,0,0,0,0,0,0,0,0,0,0,0,0,0,,,,0,,,,,,,3,,,,,,,,,,,,,,,
11,502,2019/11/30,10801021529,103463,JAFA,4500271281,,1,1,2019/11/30,PC,13.14,1,3400,44676,1,DZ7,,,,ﾌﾀﾁｮｳﾊﾞﾝ(L),,P0192-63040,0,,1,D500,4--,,2019/12/13,3400,271281,,,2,1,0,0,3,,,,,,,,,4500271281,JAFA/J/D500,JAFA/J/D500,JｸｻﾂBI/D500ﾌﾞﾂﾘｭｳ/,,,,,,,,,,,,,,,0,0,0,0,,,,,,,,,,,0,,,,0,0,0,0,0,0,0,0,0,0,0,0,0,0,0,0,0,0,0,0,,,,0,,,,,,,3,,,,,,,,,,,,,,,
12,502,2019/11/30,10801021529,103463,JAFA,4500271282,,1,1,2019/11/30,PC,13.14,1,3200,42048,1,DZ7,,,,ﾌﾀﾁｮｳﾊﾞﾝ(L),,P0192-63040,0,,1,D500,4--,,2019/12/16,3200,271282,,,2,1,0,0,3,,,,,,,,,4500271282,JAFA/J/D500,JAFA/J/D500,JｸｻﾂBI/D500ﾌﾞﾂﾘｭｳ/,,,,,,,,,,,,,,,0,0,0,0,,,,,,,,,,,0,,,,0,0,0,0,0,0,0,0,0,0,0,0,0,0,0,0,0,0,0,0,,,,0,,,,,,,3,,,,,,,,,,,,,,,
13,502,2019/11/30,10801021529,103463,JAFA,4500271283,,1,1,2019/11/30,PC,13.14,1,3400,44676,1,DZ7,,,,ﾌﾀﾁｮｳﾊﾞﾝ(L),,P0192-63040,0,,1,D500,4--,,2019/12/17,3400,271283,,,2,1,0,0,3,,,,,,,,,4500271283,JAFA/J/D500,JAFA/J/D500,JｸｻﾂBI/D500ﾌﾞﾂﾘｭｳ/,,,,,,,,,,,,,,,0,0,0,0,,,,,,,,,,,0,,,,0,0,0,0,0,0,0,0,0,0,0,0,0,0,0,0,0,0,0,0,,,,0,,,,,,,3,,,,,,,,,,,,,,,
14,502,2019/11/30,10801021529,103463,JAFA,4500271284,,1,1,2019/11/30,PC,13.14,1,1800,23652,1,DZ7,,,,ﾌﾀﾁｮｳﾊﾞﾝ(R),,P0192-63050,0,,1,D500,4--,,2019/12/10,1800,271284,,,2,1,0,0,3,,,,,,,,,4500271284,JAFA/J/D500,JAFA/J/D500,JｸｻﾂBI/D500ﾌﾞﾂﾘｭｳ/,,,,,,,,,,,,,,,0,0,0,0,,,,,,,,,,,0,,,,0,0,0,0,0,0,0,0,0,0,0,0,0,0,0,0,0,0,0,0,,,,0,,,,,,,3,,,,,,,,,,,,,,,
15,502,2019/11/30,10801021529,103463,JAFA,4500271285,,1,1,2019/11/30,PC,13.14,1,3400,44676,1,DZ7,,,,ﾌﾀﾁｮｳﾊﾞﾝ(R),,P0192-63050,0,,1,D500,4--,,2019/12/11,3400,271285,,,2,1,0,0,3,,,,,,,,,4500271285,JAFA/J/D500,JAFA/J/D500,JｸｻﾂBI/D500ﾌﾞﾂﾘｭｳ/,,,,,,,,,,,,,,,0,0,0,0,,,,,,,,,,,0,,,,0,0,0,0,0,0,0,0,0,0,0,0,0,0,0,0,0,0,0,0,,,,0,,,,,,,3,,,,,,,,,,,,,,,
16,502,2019/11/30,10801021529,103463,JAFA,4500271286,,1,1,2019/11/30,PC,13.14,1,3000,39420,1,DZ7,,,,ﾌﾀﾁｮｳﾊﾞﾝ(R),,P0192-63050,0,,1,D500,4--,,2019/12/12,3000,271286,,,2,1,0,0,3,,,,,,,,,4500271286,JAFA/J/D500,JAFA/J/D500,JｸｻﾂBI/D500ﾌﾞﾂﾘｭｳ/,,,,,,,,,,,,,,,0,0,0,0,,,,,,,,,,,0,,,,0,0,0,0,0,0,0,0,0,0,0,0,0,0,0,0,0,0,0,0,,,,0,,,,,,,3,,,,,,,,,,,,,,,
17,502,2019/11/30,10801021529,103463,JAFA,4500271287,,1,1,2019/11/30,PC,13.14,1,3600,47304,1,DZ7,,,,ﾌﾀﾁｮｳﾊﾞﾝ(R),,P0192-63050,0,,1,D500,4--,,2019/12/13,3600,271287,,,2,1,0,0,3,,,,,,,,,4500271287,JAFA/J/D500,JAFA/J/D500,JｸｻﾂBI/D500ﾌﾞﾂﾘｭｳ/,,,,,,,,,,,,,,,0,0,0,0,,,,,,,,,,,0,,,,0,0,0,0,0,0,0,0,0,0,0,0,0,0,0,0,0,0,0,0,,,,0,,,,,,,3,,,,,,,,,,,,,,,
18,502,2019/11/30,10801021529,103463,JAFA,4500271288,,1,1,2019/11/30,PC,13.14,1,3200,42048,1,DZ7,,,,ﾌﾀﾁｮｳﾊﾞﾝ(R),,P0192-63050,0,,1,D500,4--,,2019/12/16,3200,271288,,,2,1,0,0,3,,,,,,,,,4500271288,JAFA/J/D500,JAFA/J/D500,JｸｻﾂBI/D500ﾌﾞﾂﾘｭｳ/,,,,,,,,,,,,,,,0,0,0,0,,,,,,,,,,,0,,,,0,0,0,0,0,0,0,0,0,0,0,0,0,0,0,0,0,0,0,0,,,,0,,,,,,,3,,,,,,,,,,,,,,,
19,502,2019/11/30,10801021529,103463,JAFA,4500271289,,1,1,2019/11/30,PC,13.14,1,3200,42048,1,DZ7,,,,ﾌﾀﾁｮｳﾊﾞﾝ(R),,P0192-63050,0,,1,D500,4--,,2019/12/17,3200,271289,,,2,1,0,0,3,,,,,,,,,4500271289,JAFA/J/D500,JAFA/J/D500,JｸｻﾂBI/D500ﾌﾞﾂﾘｭｳ/,,,,,,,,,,,,,,,0,0,0,0,,,,,,,,,,,0,,,,0,0,0,0,0,0,0,0,0,0,0,0,0,0,0,0,0,0,0,0,,,,0,,,,,,,3,,,,,,,,,,,,,,,
20,502,2019/11/30,10801021529,103463,JAFA,4500271290,,1,1,2019/11/30,PC,44.18,1,100,4418,2,DZ7,,,,ﾎﾞﾃﾞｨﾎｷｮｳU,,P001V-06G00,0,,1,D500,4--,,2019/12/11,100,271290,,,2,1,0,0,3,,,,,,,,,4500271290,JAFA/J/D500,JAFA/J/D500,JｸｻﾂBI/D500ﾌﾞﾂﾘｭｳ/,,,,,,,,,,,,,,,0,0,0,0,,,,,,,,,,,0,,,,0,0,0,0,0,0,0,0,0,0,0,0,0,0,0,0,0,0,0,0,,,,0,,,,,,,3,,,,,,,,,,,,,,,
21,502,2019/11/30,10801021529,103463,JAFA,4500271291,,1,1,2019/11/30,PC,44.18,1,200,8836,2,DZ7,,,,ﾎﾞﾃﾞｨﾎｷｮｳU,,P001V-06G00,0,,1,D500,4--,,2019/12/13,200,271291,,,2,1,0,0,3,,,,,,,,,4500271291,JAFA/J/D500,JAFA/J/D500,JｸｻﾂBI/D500ﾌﾞﾂﾘｭｳ/,,,,,,,,,,,,,,,0,0,0,0,,,,,,,,,,,0,,,,0,0,0,0,0,0,0,0,0,0,0,0,0,0,0,0,0,0,0,0,,,,0,,,,,,,3,,,,,,,,,,,,,,,
22,502,2019/11/30,10801021529,103463,JAFA,4500271292,,1,1,2019/11/30,PC,44.18,1,100,4418,2,DZ7,,,,ﾎﾞﾃﾞｨﾎｷｮｳU,,P001V-06G00,0,,1,D500,4--,,2019/12/16,100,271292,,,2,1,0,0,3,,,,,,,,,4500271292,JAFA/J/D500,JAFA/J/D500,JｸｻﾂBI/D500ﾌﾞﾂﾘｭｳ/,,,,,,,,,,,,,,,0,0,0,0,,,,,,,,,,,0,,,,0,0,0,0,0,0,0,0,0,0,0,0,0,0,0,0,0,0,0,0,,,,0,,,,,,,3,,,,,,,,,,,,,,,
23,502,2019/11/30,10801021529,103463,JAFA,4500271293,,1,1,2019/11/30,PC,44.18,1,100,4418,2,DZ7,,,,ﾎﾞﾃﾞｨﾎｷｮｳU,,P001V-06G00,0,,1,D500,4--,,2019/12/17,100,271293,,,2,1,0,0,3,,,,,,,,,4500271293,JAFA/J/D500,JAFA/J/D500,JｸｻﾂBI/D500ﾌﾞﾂﾘｭｳ/,,,,,,,,,,,,,,,0,0,0,0,,,,,,,,,,,0,,,,0,0,0,0,0,0,0,0,0,0,0,0,0,0,0,0,0,0,0,0,,,,0,,,,,,,3,,,,,,,,,,,,,,,
24,502,2019/11/30,10801021529,103463,JAFA,4500271294,,1,1,2019/11/30,PC,100.29,1,52,5216,1,DZ7,,,,ｶｺﾞBU,,P021A-13R00,0,,1,D500,4--,,2019/12/12,52,271294,,,2,1,0,0,3,,,,,,,,,4500271294,JAFA/J/D500,JAFA/J/D500,JｸｻﾂBI/D500ﾌﾞﾂﾘｭｳ/,,,,,,,,,,,,,,,0,0,0,0,,,,,,,,,,,0,,,,0,0,0,0,0,0,0,0,0,0,0,0,0,0,0,0,0,0,0,0,,,,0,,,,,,,3,,,,,,,,,,,,,,,
25,502,2019/11/30,10801021529,103463,JAFA,4500271295,,1,1,2019/11/30,PC,68.62,1,416,28546,1,DZ7,,,,ｾﾝｻﾞｲｲﾚU,,P021B-02E20,0,,1,D500,4--,,2019/12/10,416,271295,,,2,1,0,0,3,,,,,,,,,4500271295,JAFA/J/D500,JAFA/J/D500,JｸｻﾂBI/D500ﾌﾞﾂﾘｭｳ/,,,,,,,,,,,,,,,0,0,0,0,,,,,,,,,,,0,,,,0,0,0,0,0,0,0,0,0,0,0,0,0,0,0,0,0,0,0,0,,,,0,,,,,,,3,,,,,,,,,,,,,,,
26,502,2019/11/30,10801021529,103463,JAFA,4500271296,,1,1,2019/11/30,PC,68.62,1,884,60661,1,DZ7,,,,ｾﾝｻﾞｲｲﾚU,,P021B-02E20,0,,1,D500,4--,,2019/12/11,884,271296,,,2,1,0,0,3,,,,,,,,,4500271296,JAFA/J/D500,JAFA/J/D500,JｸｻﾂBI/D500ﾌﾞﾂﾘｭｳ/,,,,,,,,,,,,,,,0,0,0,0,,,,,,,,,,,0,,,,0,0,0,0,0,0,0,0,0,0,0,0,0,0,0,0,0,0,0,0,,,,0,,,,,,,3,,,,,,,,,,,,,,,
27,502,2019/11/30,10801021529,103463,JAFA,4500271297,,1,1,2019/11/30,PC,68.62,1,208,14273,1,DZ7,,,,ｾﾝｻﾞｲｲﾚU,,P021B-02E20,0,,1,D500,4--,,2019/12/12,208,271297,,,2,1,0,0,3,,,,,,,,,4500271297,JAFA/J/D500,JAFA/J/D500,JｸｻﾂBI/D500ﾌﾞﾂﾘｭｳ/,,,,,,,,,,,,,,,0,0,0,0,,,,,,,,,,,0,,,,0,0,0,0,0,0,0,0,0,0,0,0,0,0,0,0,0,0,0,0,,,,0,,,,,,,3,,,,,,,,,,,,,,,
28,502,2019/11/30,10801021529,103463,JAFA,4500271298,,1,1,2019/11/30,PC,68.62,1,988,67797,1,DZ7,,,,ｾﾝｻﾞｲｲﾚU,,P021B-02E20,0,,1,D500,4--,,2019/12/13,988,271298,,,2,1,0,0,3,,,,,,,,,4500271298,JAFA/J/D500,JAFA/J/D500,JｸｻﾂBI/D500ﾌﾞﾂﾘｭｳ/,,,,,,,,,,,,,,,0,0,0,0,,,,,,,,,,,0,,,,0,0,0,0,0,0,0,0,0,0,0,0,0,0,0,0,0,0,0,0,,,,0,,,,,,,3,,,,,,,,,,,,,,,
29,502,2019/11/30,10801021529,103463,JAFA,4500271299,,1,1,2019/11/30,PC,68.62,1,416,28546,1,DZ7,,,,ｾﾝｻﾞｲｲﾚU,,P021B-02E20,0,,1,D500,4--,,2019/12/16,416,271299,,,2,1,0,0,3,,,,,,,,,4500271299,JAFA/J/D500,JAFA/J/D500,JｸｻﾂBI/D500ﾌﾞﾂﾘｭｳ/,,,,,,,,,,,,,,,0,0,0,0,,,,,,,,,,,0,,,,0,0,0,0,0,0,0,0,0,0,0,0,0,0,0,0,0,0,0,0,,,,0,,,,,,,3,,,,,,,,,,,,,,,
30,502,2019/11/30,10801021529,103463,JAFA,4500271300,,1,1,2019/11/30,PC,68.62,1,832,57092,1,DZ7,,,,ｾﾝｻﾞｲｲﾚU,,P021B-02E20,0,,1,D500,4--,,2019/12/17,832,271300,,,2,1,0,0,3,,,,,,,,,4500271300,JAFA/J/D500,JAFA/J/D500,JｸｻﾂBI/D500ﾌﾞﾂﾘｭｳ/,,,,,,,,,,,,,,,0,0,0,0,,,,,,,,,,,0,,,,0,0,0,0,0,0,0,0,0,0,0,0,0,0,0,0,0,0,0,0,,,,0,,,,,,,3,,,,,,,,,,,,,,,
31,502,2019/11/30,10801021529,103463,JAFA,4500271301,,1,1,2019/11/30,PC,111.43,1,100,11143,2,DZ7,,,,ﾌｨﾙﾀAU,,P002X-05Z10,0,,1,DH00,4--,,2019/12/11,100,271301,,,2,1,0,0,3,,,,,,,,,4500271301,JAFA/3/DH00,JAFA/3/DH00,3ｻｰﾋﾞｽｸｻﾂ/DH00ﾎｼｭｳﾌﾞﾋﾝ/,,,,,,,,,,,,,,,0,0,0,0,,,,,,,,,,,0,,,,0,0,0,0,0,0,0,0,0,0,0,0,0,0,0,0,0,0,0,0,,,,0,,,,,,,3,,,,,,,,,,,,,,,
32,502,2019/11/30,10801021529,103463,JAFA,4500271302,,1,1,2019/11/30,PC,110.4,1,945,104328,2,DZ7,,,,ﾌｨﾙﾀAU,,P002X-05Z20,0,,1,D500,4--,,2019/12/10,945,271302,,,2,1,0,0,3,,,,,,,,,4500271302,JAFA/J/D500,JAFA/J/D500,JｸｻﾂBI/D500ﾌﾞﾂﾘｭｳ/,,,,,,,,,,,,,,,0,0,0,0,,,,,,,,,,,0,,,,0,0,0,0,0,0,0,0,0,0,0,0,0,0,0,0,0,0,0,0,,,,0,,,,,,,3,,,,,,,,,,,,,,,
33,502,2019/11/30,10801021529,103463,JAFA,4500271303,,1,1,2019/11/30,PC,110.4,1,1620,178848,2,DZ7,,,,ﾌｨﾙﾀAU,,P002X-05Z20,0,,1,D500,4--,,2019/12/11,1620,271303,,,2,1,0,0,3,,,,,,,,,4500271303,JAFA/J/D500,JAFA/J/D500,JｸｻﾂBI/D500ﾌﾞﾂﾘｭｳ/,,,,,,,,,,,,,,,0,0,0,0,,,,,,,,,,,0,,,,0,0,0,0,0,0,0,0,0,0,0,0,0,0,0,0,0,0,0,0,,,,0,,,,,,,3,,,,,,,,,,,,,,,
34,502,2019/11/30,10801021529,103463,JAFA,4500271304,,1,1,2019/11/30,PC,110.4,1,1485,163944,2,DZ7,,,,ﾌｨﾙﾀAU,,P002X-05Z20,0,,1,D500,4--,,2019/12/12,1485,271304,,,2,1,0,0,3,,,,,,,,,4500271304,JAFA/J/D500,JAFA/J/D500,JｸｻﾂBI/D500ﾌﾞﾂﾘｭｳ/,,,,,,,,,,,,,,,0,0,0,0,,,,,,,,,,,0,,,,0,0,0,0,0,0,0,0,0,0,0,0,0,0,0,0,0,0,0,0,,,,0,,,,,,,3,,,,,,,,,,,,,,,
35,502,2019/11/30,10801021529,103463,JAFA,4500271305,,1,1,2019/11/30,PC,110.4,1,1755,193752,2,DZ7,,,,ﾌｨﾙﾀAU,,P002X-05Z20,0,,1,D500,4--,,2019/12/13,1755,271305,,,2,1,0,0,3,,,,,,,,,4500271305,JAFA/J/D500,JAFA/J/D500,JｸｻﾂBI/D500ﾌﾞﾂﾘｭｳ/,,,,,,,,,,,,,,,0,0,0,0,,,,,,,,,,,0,,,,0,0,0,0,0,0,0,0,0,0,0,0,0,0,0,0,0,0,0,0,,,,0,,,,,,,3,,,,,,,,,,,,,,,
36,502,2019/11/30,10801021529,103463,JAFA,4500271306,,1,1,2019/11/30,PC,110.4,1,1485,163944,2,DZ7,,,,ﾌｨﾙﾀAU,,P002X-05Z20,0,,1,D500,4--,,2019/12/16,1485,271306,,,2,1,0,0,3,,,,,,,,,4500271306,JAFA/J/D500,JAFA/J/D500,JｸｻﾂBI/D500ﾌﾞﾂﾘｭｳ/,,,,,,,,,,,,,,,0,0,0,0,,,,,,,,,,,0,,,,0,0,0,0,0,0,0,0,0,0,0,0,0,0,0,0,0,0,0,0,,,,0,,,,,,,3,,,,,,,,,,,,,,,
37,502,2019/11/30,10801021529,103463,JAFA,4500271307,,1,1,2019/11/30,PC,110.4,1,1485,163944,2,DZ7,,,,ﾌｨﾙﾀAU,,P002X-05Z20,0,,1,D500,4--,,2019/12/17,1485,271307,,,2,1,0,0,3,,,,,,,,,4500271307,JAFA/J/D500,JAFA/J/D500,JｸｻﾂBI/D500ﾌﾞﾂﾘｭｳ/,,,,,,,,,,,,,,,0,0,0,0,,,,,,,,,,,0,,,,0,0,0,0,0,0,0,0,0,0,0,0,0,0,0,0,0,0,0,0,,,,0,,,,,,,3,,,,,,,,,,,,,,,
38,502,2019/11/30,10801021529,103463,JAFA,4500271308,,1,1,2019/11/30,PC,119.31,1,100,11931,2,DZ7,,,,ﾌｨﾙﾀAU,,P002X-93020,0,,1,DH00,4--,,2019/12/11,100,271308,,,2,1,0,0,3,,,,,,,,,4500271308,JAFA/3/DH00,JAFA/3/DH00,3ｻｰﾋﾞｽｸｻﾂ/DH00ﾎｼｭｳﾌﾞﾋﾝ/,,,,,,,,,,,,,,,0,0,0,0,,,,,,,,,,,0,,,,0,0,0,0,0,0,0,0,0,0,0,0,0,0,0,0,0,0,0,0,,,,0,,,,,,,3,,,,,,,,,,,,,,,
39,502,2019/11/30,10801021529,103463,JAFA,4500271309,,1,1,2019/11/30,PC,119.38,1,100,11938,2,DZ7,,,,ﾌｨﾙﾀAU,,P002X-93030,0,,1,D500,4--,,2019/12/11,100,271309,,,2,1,0,0,3,,,,,,,,,4500271309,JAFA/J/D500,JAFA/J/D500,JｸｻﾂBI/D500ﾌﾞﾂﾘｭｳ/,,,,,,,,,,,,,,,0,0,0,0,,,,,,,,,,,0,,,,0,0,0,0,0,0,0,0,0,0,0,0,0,0,0,0,0,0,0,0,,,,0,,,,,,,3,,,,,,,,,,,,,,,
40,502,2019/11/30,10801021529,103463,JAFA,4500271310,,1,1,2019/11/30,PC,119.38,1,100,11938,2,DZ7,,,,ﾌｨﾙﾀAU,,P002X-93030,0,,1,D500,4--,,2019/12/13,100,271310,,,2,1,0,0,3,,,,,,,,,4500271310,JAFA/J/D500,JAFA/J/D500,JｸｻﾂBI/D500ﾌﾞﾂﾘｭｳ/,,,,,,,,,,,,,,,0,0,0,0,,,,,,,,,,,0,,,,0,0,0,0,0,0,0,0,0,0,0,0,0,0,0,0,0,0,0,0,,,,0,,,,,,,3,,,,,,,,,,,,,,,
41,502,2019/11/30,10801021529,103463,JAFA,4500271311,,1,1,2019/11/30,PC,119.38,1,100,11938,2,DZ7,,,,ﾌｨﾙﾀAU,,P002X-93030,0,,1,D500,4--,,2019/12/17,100,271311,,,2,1,0,0,3,,,,,,,,,4500271311,JAFA/J/D500,JAFA/J/D500,JｸｻﾂBI/D500ﾌﾞﾂﾘｭｳ/,,,,,,,,,,,,,,,0,0,0,0,,,,,,,,,,,0,,,,0,0,0,0,0,0,0,0,0,0,0,0,0,0,0,0,0,0,0,0,,,,0,,,,,,,3,,,,,,,,,,,,,,,
42,502,2019/11/30,10801021529,103463,JAFA,4500271312,,1,1,2019/11/30,PC,5.1,1,1200,6120,1,DZ7,,,,ﾀﾝｸｳｹｽﾃｰB(R),,P1127-93100,0,,1,D500,4--,,2019/12/10,1200,271312,,,2,1,0,0,3,,,,,,,,,4500271312,JAFA/J/D500,JAFA/J/D500,JｸｻﾂBI/D500ﾌﾞﾂﾘｭｳ/,,,,,,,,,,,,,,,0,0,0,0,,,,,,,,,,,0,,,,0,0,0,0,0,0,0,0,0,0,0,0,0,0,0,0,0,0,0,0,,,,0,,,,,,,3,,,,,,,,,,,,,,,
43,502,2019/11/30,10801021529,103463,JAFA,4500271313,,1,1,2019/11/30,PC,5.1,1,1500,7650,1,DZ7,,,,ﾀﾝｸｳｹｽﾃｰB(R),,P1127-93100,0,,1,D500,4--,,2019/12/11,1500,271313,,,2,1,0,0,3,,,,,,,,,4500271313,JAFA/J/D500,JAFA/J/D500,JｸｻﾂBI/D500ﾌﾞﾂﾘｭｳ/,,,,,,,,,,,,,,,0,0,0,0,,,,,,,,,,,0,,,,0,0,0,0,0,0,0,0,0,0,0,0,0,0,0,0,0,0,0,0,,,,0,,,,,,,3,,,,,,,,,,,,,,,
44,502,2019/11/30,10801021529,103463,JAFA,4500271314,,1,1,2019/11/30,PC,5.1,1,1800,9180,1,DZ7,,,,ﾀﾝｸｳｹｽﾃｰB(R),,P1127-93100,0,,1,D500,4--,,2019/12/12,1800,271314,,,2,1,0,0,3,,,,,,,,,4500271314,JAFA/J/D500,JAFA/J/D500,JｸｻﾂBI/D500ﾌﾞﾂﾘｭｳ/,,,,,,,,,,,,,,,0,0,0,0,,,,,,,,,,,0,,,,0,0,0,0,0,0,0,0,0,0,0,0,0,0,0,0,0,0,0,0,,,,0,,,,,,,3,,,,,,,,,,,,,,,
45,502,2019/11/30,10801021529,103463,JAFA,4500271315,,1,1,2019/11/30,PC,5.1,1,1500,7650,1,DZ7,,,,ﾀﾝｸｳｹｽﾃｰB(R),,P1127-93100,0,,1,D500,4--,,2019/12/13,1500,271315,,,2,1,0,0,3,,,,,,,,,4500271315,JAFA/J/D500,JAFA/J/D500,JｸｻﾂBI/D500ﾌﾞﾂﾘｭｳ/,,,,,,,,,,,,,,,0,0,0,0,,,,,,,,,,,0,,,,0,0,0,0,0,0,0,0,0,0,0,0,0,0,0,0,0,0,0,0,,,,0,,,,,,,3,,,,,,,,,,,,,,,
46,502,2019/11/30,10801021529,103463,JAFA,4500271316,,1,1,2019/11/30,PC,5.1,1,1500,7650,1,DZ7,,,,ﾀﾝｸｳｹｽﾃｰB(R),,P1127-93100,0,,1,D500,4--,,2019/12/16,1500,271316,,,2,1,0,0,3,,,,,,,,,4500271316,JAFA/J/D500,JAFA/J/D500,JｸｻﾂBI/D500ﾌﾞﾂﾘｭｳ/,,,,,,,,,,,,,,,0,0,0,0,,,,,,,,,,,0,,,,0,0,0,0,0,0,0,0,0,0,0,0,0,0,0,0,0,0,0,0,,,,0,,,,,,,3,,,,,,,,,,,,,,,
47,502,2019/11/30,10801021529,103463,JAFA,4500271317,,1,1,2019/11/30,PC,5.1,1,1500,7650,1,DZ7,,,,ﾀﾝｸｳｹｽﾃｰB(R),,P1127-93100,0,,1,D500,4--,,2019/12/17,1500,271317,,,2,1,0,0,3,,,,,,,,,4500271317,JAFA/J/D500,JAFA/J/D500,JｸｻﾂBI/D500ﾌﾞﾂﾘｭｳ/,,,,,,,,,,,,,,,0,0,0,0,,,,,,,,,,,0,,,,0,0,0,0,0,0,0,0,0,0,0,0,0,0,0,0,0,0,0,0,,,,0,,,,,,,3,,,,,,,,,,,,,,,
48,502,2019/11/30,10801021529,103463,JAFA,4500271318,,1,1,2019/11/30,PC,58.89,1,69,4064,2,DZ7,,,,ｺﾓﾉｲﾚ,,P1189-22050,0,,1,D500,4--,,2019/12/12,69,271318,,,2,1,0,0,3,,,,,,,,,4500271318,JAFA/J/D500,JAFA/J/D500,JｸｻﾂBI/D500ﾌﾞﾂﾘｭｳ/,,,,,,,,,,,,,,,0,0,0,0,,,,,,,,,,,0,,,,0,0,0,0,0,0,0,0,0,0,0,0,0,0,0,0,0,0,0,0,,,,0,,,,,,,3,,,,,,,,,,,,,,,
49,502,2019/11/30,10801021529,103463,JAFA,4500271319,,1,1,2019/11/30,PC,58.89,1,69,4064,2,DZ7,,,,ｺﾓﾉｲﾚ,,P1189-22050,0,,1,D500,4--,,2019/12/17,69,271319,,,2,1,0,0,3,,,,,,,,,4500271319,JAFA/J/D500,JAFA/J/D500,JｸｻﾂBI/D500ﾌﾞﾂﾘｭｳ/,,,,,,,,,,,,,,,0,0,0,0,,,,,,,,,,,0,,,,0,0,0,0,0,0,0,0,0,0,0,0,0,0,0,0,0,0,0,0,,,,0,,,,,,,3,,,,,,,,,,,,,,,
50,502,2019/11/30,10801021529,103463,JAFA,4500271320,,1,1,2019/11/30,PC,16.69,1,400,6676,1,DZ7,,,,ｶｺﾞﾊﾝｶﾞ,,P0166-93020,0,,1,D500,4--,,2019/12/10,400,271320,,,2,1,0,0,3,,,,,,,,,4500271320,JAFA/J/D500,JAFA/J/D500,JｸｻﾂBI/D500ﾌﾞﾂﾘｭｳ/,,,,,,,,,,,,,,,0,0,0,0,,,,,,,,,,,0,,,,0,0,0,0,0,0,0,0,0,0,0,0,0,0,0,0,0,0,0,0,,,,0,,,,,,,3,,,,,,,,,,,,,,,
51,502,2019/11/30,10801021529,103463,JAFA,4500271321,,1,1,2019/11/30,PC,16.69,1,400,6676,1,DZ7,,,,ｶｺﾞﾊﾝｶﾞ,,P0166-93020,0,,1,D500,4--,,2019/12/11,400,271321,,,2,1,0,0,3,,,,,,,,,4500271321,JAFA/J/D500,JAFA/J/D500,JｸｻﾂBI/D500ﾌﾞﾂﾘｭｳ/,,,,,,,,,,,,,,,0,0,0,0,,,,,,,,,,,0,,,,0,0,0,0,0,0,0,0,0,0,0,0,0,0,0,0,0,0,0,0,,,,0,,,,,,,3,,,,,,,,,,,,,,,
52,502,2019/11/30,10801021529,103463,JAFA,4500271322,,1,1,2019/11/30,PC,16.69,1,1100,18359,1,DZ7,,,,ｶｺﾞﾊﾝｶﾞ,,P0166-93020,0,,1,D500,4--,,2019/12/12,1100,271322,,,2,1,0,0,3,,,,,,,,,4500271322,JAFA/J/D500,JAFA/J/D500,JｸｻﾂBI/D500ﾌﾞﾂﾘｭｳ/,,,,,,,,,,,,,,,0,0,0,0,,,,,,,,,,,0,,,,0,0,0,0,0,0,0,0,0,0,0,0,0,0,0,0,0,0,0,0,,,,0,,,,,,,3,,,,,,,,,,,,,,,
53,502,2019/11/30,10801021529,103463,JAFA,4500271323,,1,1,2019/11/30,PC,16.69,1,700,11683,1,DZ7,,,,ｶｺﾞﾊﾝｶﾞ,,P0166-93020,0,,1,D500,4--,,2019/12/13,700,271323,,,2,1,0,0,3,,,,,,,,,4500271323,JAFA/J/D500,JAFA/J/D500,JｸｻﾂBI/D500ﾌﾞﾂﾘｭｳ/,,,,,,,,,,,,,,,0,0,0,0,,,,,,,,,,,0,,,,0,0,0,0,0,0,0,0,0,0,0,0,0,0,0,0,0,0,0,0,,,,0,,,,,,,3,,,,,,,,,,,,,,,
54,502,2019/11/30,10801021529,103463,JAFA,4500271324,,1,1,2019/11/30,PC,16.69,1,700,11683,1,DZ7,,,,ｶｺﾞﾊﾝｶﾞ,,P0166-93020,0,,1,D500,4--,,2019/12/16,700,271324,,,2,1,0,0,3,,,,,,,,,4500271324,JAFA/J/D500,JAFA/J/D500,JｸｻﾂBI/D500ﾌﾞﾂﾘｭｳ/,,,,,,,,,,,,,,,0,0,0,0,,,,,,,,,,,0,,,,0,0,0,0,0,0,0,0,0,0,0,0,0,0,0,0,0,0,0,0,,,,0,,,,,,,3,,,,,,,,,,,,,,,
55,502,2019/11/30,10801021529,103463,JAFA,4500271325,,1,1,2019/11/30,PC,16.69,1,800,13352,1,DZ7,,,,ｶｺﾞﾊﾝｶﾞ,,P0166-93020,0,,1,D500,4--,,2019/12/17,800,271325,,,2,1,0,0,3,,,,,,,,,4500271325,JAFA/J/D500,JAFA/J/D500,JｸｻﾂBI/D500ﾌﾞﾂﾘｭｳ/,,,,,,,,,,,,,,,0,0,0,0,,,,,,,,,,,0,,,,0,0,0,0,0,0,0,0,0,0,0,0,0,0,0,0,0,0,0,0,,,,0,,,,,,,3,,,,,,,,,,,,,,,
56,502,2019/11/30,10801021529,103463,JAFA,4500271326,,1,1,2019/11/30,PC,6.2,1,800,4960,1,DZ7,,,,ﾗｯﾁﾄﾘﾂｹｲﾀ,,P2133-93020,0,,1,D500,4--,,2019/12/10,800,271326,,,2,1,0,0,3,,,,,,,,,4500271326,JAFA/J/D500,JAFA/J/D500,JｸｻﾂBI/D500ﾌﾞﾂﾘｭｳ/,,,,,,,,,,,,,,,0,0,0,0,,,,,,,,,,,0,,,,0,0,0,0,0,0,0,0,0,0,0,0,0,0,0,0,0,0,0,0,,,,0,,,,,,,3,,,,,,,,,,,,,,,
57,502,2019/11/30,10801021529,103463,JAFA,4500271327,,1,1,2019/11/30,PC,6.2,1,1600,9920,1,DZ7,,,,ﾗｯﾁﾄﾘﾂｹｲﾀ,,P2133-93020,0,,1,D500,4--,,2019/12/11,1600,271327,,,2,1,0,0,3,,,,,,,,,4500271327,JAFA/J/D500,JAFA/J/D500,JｸｻﾂBI/D500ﾌﾞﾂﾘｭｳ/,,,,,,,,,,,,,,,0,0,0,0,,,,,,,,,,,0,,,,0,0,0,0,0,0,0,0,0,0,0,0,0,0,0,0,0,0,0,0,,,,0,,,,,,,3,,,,,,,,,,,,,,,
58,502,2019/11/30,10801021529,103463,JAFA,4500271328,,1,1,2019/11/30,PC,6.2,1,1600,9920,1,DZ7,,,,ﾗｯﾁﾄﾘﾂｹｲﾀ,,P2133-93020,0,,1,D500,4--,,2019/12/12,1600,271328,,,2,1,0,0,3,,,,,,,,,4500271328,JAFA/J/D500,JAFA/J/D500,JｸｻﾂBI/D500ﾌﾞﾂﾘｭｳ/,,,,,,,,,,,,,,,0,0,0,0,,,,,,,,,,,0,,,,0,0,0,0,0,0,0,0,0,0,0,0,0,0,0,0,0,0,0,0,,,,0,,,,,,,3,,,,,,,,,,,,,,,
59,502,2019/11/30,10801021529,103463,JAFA,4500271329,,1,1,2019/11/30,PC,6.2,1,1600,9920,1,DZ7,,,,ﾗｯﾁﾄﾘﾂｹｲﾀ,,P2133-93020,0,,1,D500,4--,,2019/12/13,1600,271329,,,2,1,0,0,3,,,,,,,,,4500271329,JAFA/J/D500,JAFA/J/D500,JｸｻﾂBI/D500ﾌﾞﾂﾘｭｳ/,,,,,,,,,,,,,,,0,0,0,0,,,,,,,,,,,0,,,,0,0,0,0,0,0,0,0,0,0,0,0,0,0,0,0,0,0,0,0,,,,0,,,,,,,3,,,,,,,,,,,,,,,
60,502,2019/11/30,10801021529,103463,JAFA,4500271330,,1,1,2019/11/30,PC,6.2,1,2000,12400,1,DZ7,,,,ﾗｯﾁﾄﾘﾂｹｲﾀ,,P2133-93020,0,,1,D500,4--,,2019/12/16,2000,271330,,,2,1,0,0,3,,,,,,,,,4500271330,JAFA/J/D500,JAFA/J/D500,JｸｻﾂBI/D500ﾌﾞﾂﾘｭｳ/,,,,,,,,,,,,,,,0,0,0,0,,,,,,,,,,,0,,,,0,0,0,0,0,0,0,0,0,0,0,0,0,0,0,0,0,0,0,0,,,,0,,,,,,,3,,,,,,,,,,,,,,,
61,502,2019/11/30,10801021529,103463,JAFA,4500271331,,1,1,2019/11/30,PC,6.2,1,1600,9920,1,DZ7,,,,ﾗｯﾁﾄﾘﾂｹｲﾀ,,P2133-93020,0,,1,D500,4--,,2019/12/17,1600,271331,,,2,1,0,0,3,,,,,,,,,4500271331,JAFA/J/D500,JAFA/J/D500,JｸｻﾂBI/D500ﾌﾞﾂﾘｭｳ/,,,,,,,,,,,,,,,0,0,0,0,,,,,,,,,,,0,,,,0,0,0,0,0,0,0,0,0,0,0,0,0,0,0,0,0,0,0,0,,,,0,,,,,,,3,,,,,,,,,,,,,,,
62,502,2019/11/30,10801021529,103463,JAFA,4500271332,,1,1,2019/11/30,PC,27.39,1,200,5478,1,DZ7,,,,ｺﾓﾉｲﾚB,,P2140-42410,0,,1,D500,4--,,2019/12/17,200,271332,,,2,1,0,0,3,,,,,,,,,4500271332,JAFA/J/D500,JAFA/J/D500,JｸｻﾂBI/D500ﾌﾞﾂﾘｭｳ/,,,,,,,,,,,,,,,0,0,0,0,,,,,,,,,,,0,,,,0,0,0,0,0,0,0,0,0,0,0,0,0,0,0,0,0,0,0,0,,,,0,,,,,,,3,,,,,,,,,,,,,,,
63,502,2019/11/30,10801021529,103463,JAFA,4500271333,,1,1,2019/11/30,PC,46.92,1,210,9854,1,DZ7,,,,ｾﾝｻﾞｲｲﾚﾌﾀｶﾝU,,P219A-47400,0,,1,D500,4--,,2019/12/12,210,271333,,,2,1,0,0,3,,,,,,,,,4500271333,JAFA/J/D500,JAFA/J/D500,JｸｻﾂBI/D500ﾌﾞﾂﾘｭｳ/,,,,,,,,,,,,,,,0,0,0,0,,,,,,,,,,,0,,,,0,0,0,0,0,0,0,0,0,0,0,0,0,0,0,0,0,0,0,0,,,,0,,,,,,,3,,,,,,,,,,,,,,,
64,502,2019/11/30,10801021529,103463,JAFA,4500271334,,1,1,2019/11/30,PC,6.39,1,500,3195,1,DZ7,,,,ｻﾄﾞｳﾚﾊﾞｰﾋﾟﾝ,,P3471-06F00,0,,1,D500,4--,,2019/12/16,500,271334,,,2,1,0,0,3,,,,,,,,,4500271334,JAFA/J/D500,JAFA/J/D500,JｸｻﾂBI/D500ﾌﾞﾂﾘｭｳ/,,,,,,,,,,,,,,,0,0,0,0,,,,,,,,,,,0,,,,0,0,0,0,0,0,0,0,0,0,0,0,0,0,0,0,0,0,0,0,,,,0,,,,,,,3,,,,,,,,,,,,,,,
65,502,2019/11/30,10801021529,103463,JAFA,4500271335,,1,1,2019/11/30,PC,9.47,1,400,3788,1,DZ7,,,,ｼｬﾜ-ﾍｯﾄﾞ,,P0890-31330,0,,1,DH00,4--,,2019/12/16,400,271335,,,2,1,0,0,3,,,,,,,,,4500271335,JAFA/3/DH00,JAFA/3/DH00,3ｻｰﾋﾞｽｸｻﾂ/DH00ﾎｼｭｳﾌﾞﾋﾝ/,,,,,,,,,,,,,,,0,0,0,0,,,,,,,,,,,0,,,,0,0,0,0,0,0,0,0,0,0,0,0,0,0,0,0,0,0,0,0,,,,0,,,,,,,3,,,,,,,,,,,,,,,
66,502,2019/11/30,10801021529,103463,JAFA,4500271336,,1,1,2019/11/30,PC,69.42,1,210,14579,1,DZ7,,,,ｽﾗｲﾀﾞU,,P006T-02E20,0,,1,D253,4--,,2019/12/10,210,271336,,,2,1,0,0,3,,,,,,,,,4500271336,JAFA/J/D253,JAFA/J/D253,JｸｻﾂBI/D253ｼﾞｭﾝﾋﾞ(ｻﾝｺｰ)/,,,,,,,,,,,,,,,0,0,0,0,,,,,,,,,,,0,,,,0,0,0,0,0,0,0,0,0,0,0,0,0,0,0,0,0,0,0,0,,,,0,,,,,,,3,,,,,,,,,,,,,,,
67,502,2019/11/30,10801021529,103463,JAFA,4500271337,,1,1,2019/11/30,PC,69.42,1,360,24992,1,DZ7,,,,ｽﾗｲﾀﾞU,,P006T-02E20,0,,1,D253,4--,,2019/12/11,360,271337,,,2,1,0,0,3,,,,,,,,,4500271337,JAFA/J/D253,JAFA/J/D253,JｸｻﾂBI/D253ｼﾞｭﾝﾋﾞ(ｻﾝｺｰ)/,,,,,,,,,,,,,,,0,0,0,0,,,,,,,,,,,0,,,,0,0,0,0,0,0,0,0,0,0,0,0,0,0,0,0,0,0,0,0,,,,0,,,,,,,3,,,,,,,,,,,,,,,
68,502,2019/11/30,10801021529,103463,JAFA,4500271338,,1,1,2019/11/30,PC,69.42,1,150,10413,1,DZ7,,,,ｽﾗｲﾀﾞU,,P006T-02E20,0,,1,D253,4--,,2019/12/12,150,271338,,,2,1,0,0,3,,,,,,,,,4500271338,JAFA/J/D253,JAFA/J/D253,JｸｻﾂBI/D253ｼﾞｭﾝﾋﾞ(ｻﾝｺｰ)/,,,,,,,,,,,,,,,0,0,0,0,,,,,,,,,,,0,,,,0,0,0,0,0,0,0,0,0,0,0,0,0,0,0,0,0,0,0,0,,,,0,,,,,,,3,,,,,,,,,,,,,,,
69,502,2019/11/30,10801021529,103463,JAFA,4500271339,,1,1,2019/11/30,PC,69.42,1,360,24992,1,DZ7,,,,ｽﾗｲﾀﾞU,,P006T-02E20,0,,1,D253,4--,,2019/12/13,360,271339,,,2,1,0,0,3,,,,,,,,,4500271339,JAFA/J/D253,JAFA/J/D253,JｸｻﾂBI/D253ｼﾞｭﾝﾋﾞ(ｻﾝｺｰ)/,,,,,,,,,,,,,,,0,0,0,0,,,,,,,,,,,0,,,,0,0,0,0,0,0,0,0,0,0,0,0,0,0,0,0,0,0,0,0,,,,0,,,,,,,3,,,,,,,,,,,,,,,
70,502,2019/11/30,10801021529,103463,JAFA,4500271340,,1,1,2019/11/30,PC,69.42,1,60,4166,1,DZ7,,,,ｽﾗｲﾀﾞU,,P006T-02E20,0,,1,D253,4--,,2019/12/16,60,271340,,,2,1,0,0,3,,,,,,,,,4500271340,JAFA/J/D253,JAFA/J/D253,JｸｻﾂBI/D253ｼﾞｭﾝﾋﾞ(ｻﾝｺｰ)/,,,,,,,,,,,,,,,0,0,0,0,,,,,,,,,,,0,,,,0,0,0,0,0,0,0,0,0,0,0,0,0,0,0,0,0,0,0,0,,,,0,,,,,,,3,,,,,,,,,,,,,,,
71,502,2019/11/30,10801021529,103463,JAFA,4500271341,,1,1,2019/11/30,PC,69.42,1,450,31239,1,DZ7,,,,ｽﾗｲﾀﾞU,,P006T-02E20,0,,1,D253,4--,,2019/12/17,450,271341,,,2,1,0,0,3,,,,,,,,,4500271341,JAFA/J/D253,JAFA/J/D253,JｸｻﾂBI/D253ｼﾞｭﾝﾋﾞ(ｻﾝｺｰ)/,,,,,,,,,,,,,,,0,0,0,0,,,,,,,,,,,0,,,,0,0,0,0,0,0,0,0,0,0,0,0,0,0,0,0,0,0,0,0,,,,0,,,,,,,3,,,,,,,,,,,,,,,
72,502,2019/11/30,10801021529,103463,JAFA,4500271342,,1,1,2019/11/30,PC,13.2,1,4000,52800,1,DZ7,,,,ﾀﾝｸｳｹｽﾃｰB(L),,P1127-93000,0,,2,21000427,4--,,2019/12/18,4000,271342,,,2,1,0,0,3,,,,,,,,,4500271342,JAFA//21000427A,JAFA//21000427A,/KKﾀﾞｲｼﾞ/,,,,,,,,,,,,,,,0,0,0,0,,,,,,,,,,,0,,,,0,0,0,0,0,0,0,0,0,0,0,0,0,0,0,0,0,0,0,0,,,,0,,,,,,,1,,,,,,,,,,,,,,,
73,502,2019/11/30,10801021529,103463,JAFA,4500271343,,1,1,2019/11/30,PC,13.2,1,2000,26400,1,DZ7,,,,ﾀﾝｸｳｹｽﾃｰB(L),,P1127-93000,0,,2,21000427,4--,,2019/12/20,2000,271343,,,2,1,0,0,3,,,,,,,,,4500271343,JAFA//21000427A,JAFA//21000427A,/KKﾀﾞｲｼﾞ/,,,,,,,,,,,,,,,0,0,0,0,,,,,,,,,,,0,,,,0,0,0,0,0,0,0,0,0,0,0,0,0,0,0,0,0,0,0,0,,,,0,,,,,,,1,,,,,,,,,,,,,,,
74,502,2019/11/30,10801021529,103463,JAFA,4500271344,,1,1,2019/11/30,PC,13.2,1,5200,68640,1,DZ7,,,,ﾀﾝｸｳｹｽﾃｰB(L),,P1127-93000,0,,2,21000427,4--,,2019/12/24,5200,271344,,,2,1,0,0,3,,,,,,,,,4500271344,JAFA//21000427A,JAFA//21000427A,/KKﾀﾞｲｼﾞ/,,,,,,,,,,,,,,,0,0,0,0,,,,,,,,,,,0,,,,0,0,0,0,0,0,0,0,0,0,0,0,0,0,0,0,0,0,0,0,,,,0,,,,,,,1,,,,,,,,,,,,,,,
75,502,2019/11/30,10801021529,103463,JAFA,4500271345,,1,1,2019/11/30,PC,19.27,1,240,4625,1,DZ7,,,,ｶｺﾞB,,P2125-10M00,0,,1,D253,4--,,2019/12/17,240,271345,,,2,1,0,0,3,,,,,,,,,4500271345,JAFA/J/D253,JAFA/J/D253,JｸｻﾂBI/D253ｼﾞｭﾝﾋﾞ(ｻﾝｺｰ)/,,,,,,,,,,,,,,,0,0,0,0,,,,,,,,,,,0,,,,0,0,0,0,0,0,0,0,0,0,0,0,0,0,0,0,0,0,0,0,,,,0,,,,,,,3,,,,,,,,,,,,,,,
76,502,2019/11/30,10801021529,103463,JAFA,4500271346,,1,1,2019/11/30,PC,19.27,1,480,9250,1,DZ7,,,,ｶｺﾞB,,P2125-10M00,0,,1,D253,4--,,2019/12/18,480,271346,,,2,1,0,0,3,,,,,,,,,4500271346,JAFA/J/D253,JAFA/J/D253,JｸｻﾂBI/D253ｼﾞｭﾝﾋﾞ(ｻﾝｺｰ)/,,,,,,,,,,,,,,,0,0,0,0,,,,,,,,,,,0,,,,0,0,0,0,0,0,0,0,0,0,0,0,0,0,0,0,0,0,0,0,,,,0,,,,,,,3,,,,,,,,,,,,,,,
77,502,2019/11/30,10801021529,103463,JAFA,4500271347,,1,1,2019/11/30,PC,19.27,1,240,4625,1,DZ7,,,,ｶｺﾞB,,P2125-10M00,0,,1,D253,4--,,2019/12/19,240,271347,,,2,1,0,0,3,,,,,,,,,4500271347,JAFA/J/D253,JAFA/J/D253,JｸｻﾂBI/D253ｼﾞｭﾝﾋﾞ(ｻﾝｺｰ)/,,,,,,,,,,,,,,,0,0,0,0,,,,,,,,,,,0,,,,0,0,0,0,0,0,0,0,0,0,0,0,0,0,0,0,0,0,0,0,,,,0,,,,,,,3,,,,,,,,,,,,,,,
78,502,2019/11/30,10801021529,103463,JAFA,4500271348,,1,1,2019/11/30,PC,19.27,1,720,13875,1,DZ7,,,,ｶｺﾞB,,P2125-10M00,0,,1,D253,4--,,2019/12/23,720,271348,,,2,1,0,0,3,,,,,,,,,4500271348,JAFA/J/D253,JAFA/J/D253,JｸｻﾂBI/D253ｼﾞｭﾝﾋﾞ(ｻﾝｺｰ)/,,,,,,,,,,,,,,,0,0,0,0,,,,,,,,,,,0,,,,0,0,0,0,0,0,0,0,0,0,0,0,0,0,0,0,0,0,0,0,,,,0,,,,,,,3,,,,,,,,,,,,,,,
79,502,2019/11/30,10801021529,103463,JAFA,4500271349,,1,1,2019/11/30,PC,19.27,1,480,9250,1,DZ7,,,,ｶｺﾞB,,P2125-10M00,0,,1,D253,4--,,2019/12/24,480,271349,,,2,1,0,0,3,,,,,,,,,4500271349,JAFA/J/D253,JAFA/J/D253,JｸｻﾂBI/D253ｼﾞｭﾝﾋﾞ(ｻﾝｺｰ)/,,,,,,,,,,,,,,,0,0,0,0,,,,,,,,,,,0,,,,0,0,0,0,0,0,0,0,0,0,0,0,0,0,0,0,0,0,0,0,,,,0,,,,,,,3,,,,,,,,,,,,,,,
80,502,2019/11/30,10801021529,103463,JAFA,4500271350,,1,1,2019/11/30,PC,2.85,1,1000,2850,1,DZ7,,,,ﾎ-ｽﾊﾝｶﾞ-,,P0170-67300,0,,1,D500,4--,,2019/12/10,1000,271350,,,2,1,0,0,3,,,,,,,,,4500271350,JAFA/J/D500,JAFA/J/D500,JｸｻﾂBI/D500ﾌﾞﾂﾘｭｳ/,,,,,,,,,,,,,,,0,0,0,0,,,,,,,,,,,0,,,,0,0,0,0,0,0,0,0,0,0,0,0,0,0,0,0,0,0,0,0,,,,0,,,,,,,3,,,,,,,,,,,,,,,
81,502,2019/11/30,10801021529,103463,JAFA,4500271351,,1,1,2019/11/30,PC,2.85,1,2000,5700,1,DZ7,,,,ﾎ-ｽﾊﾝｶﾞ-,,P0170-67300,0,,1,D500,4--,,2019/12/11,2000,271351,,,2,1,0,0,3,,,,,,,,,4500271351,JAFA/J/D500,JAFA/J/D500,JｸｻﾂBI/D500ﾌﾞﾂﾘｭｳ/,,,,,,,,,,,,,,,0,0,0,0,,,,,,,,,,,0,,,,0,0,0,0,0,0,0,0,0,0,0,0,0,0,0,0,0,0,0,0,,,,0,,,,,,,3,,,,,,,,,,,,,,,
82,502,2019/11/30,10801021529,103463,JAFA,4500271352,,1,1,2019/11/30,PC,2.85,1,1000,2850,1,DZ7,,,,ﾎ-ｽﾊﾝｶﾞ-,,P0170-67300,0,,1,D500,4--,,2019/12/12,1000,271352,,,2,1,0,0,3,,,,,,,,,4500271352,JAFA/J/D500,JAFA/J/D500,JｸｻﾂBI/D500ﾌﾞﾂﾘｭｳ/,,,,,,,,,,,,,,,0,0,0,0,,,,,,,,,,,0,,,,0,0,0,0,0,0,0,0,0,0,0,0,0,0,0,0,0,0,0,0,,,,0,,,,,,,3,,,,,,,,,,,,,,,
83,502,2019/11/30,10801021529,103463,JAFA,4500271353,,1,1,2019/11/30,PC,2.85,1,2000,5700,1,DZ7,,,,ﾎ-ｽﾊﾝｶﾞ-,,P0170-67300,0,,1,D500,4--,,2019/12/13,2000,271353,,,2,1,0,0,3,,,,,,,,,4500271353,JAFA/J/D500,JAFA/J/D500,JｸｻﾂBI/D500ﾌﾞﾂﾘｭｳ/,,,,,,,,,,,,,,,0,0,0,0,,,,,,,,,,,0,,,,0,0,0,0,0,0,0,0,0,0,0,0,0,0,0,0,0,0,0,0,,,,0,,,,,,,3,,,,,,,,,,,,,,,
84,502,2019/11/30,10801021529,103463,JAFA,4500271354,,1,1,2019/11/30,PC,2.85,1,1000,2850,1,DZ7,,,,ﾎ-ｽﾊﾝｶﾞ-,,P0170-67300,0,,1,D500,4--,,2019/12/16,1000,271354,,,2,1,0,0,3,,,,,,,,,4500271354,JAFA/J/D500,JAFA/J/D500,JｸｻﾂBI/D500ﾌﾞﾂﾘｭｳ/,,,,,,,,,,,,,,,0,0,0,0,,,,,,,,,,,0,,,,0,0,0,0,0,0,0,0,0,0,0,0,0,0,0,0,0,0,0,0,,,,0,,,,,,,3,,,,,,,,,,,,,,,
85,502,2019/11/30,10801021529,103463,JAFA,4500271355,,1,1,2019/11/30,PC,2.85,1,2000,5700,1,DZ7,,,,ﾎ-ｽﾊﾝｶﾞ-,,P0170-67300,0,,1,D500,4--,,2019/12/17,2000,271355,,,2,1,0,0,3,,,,,,,,,4500271355,JAFA/J/D500,JAFA/J/D500,JｸｻﾂBI/D500ﾌﾞﾂﾘｭｳ/,,,,,,,,,,,,,,,0,0,0,0,,,,,,,,,,,0,,,,0,0,0,0,0,0,0,0,0,0,0,0,0,0,0,0,0,0,0,0,,,,0,,,,,,,3,,,,,,,,,,,,,,,
86,502,2019/11/30,10801021529,103463,JAFA,4500271356,,1,1,2019/11/30,PC,32.56,1,700,22792,1,DZ7,,,,ｺﾓﾉｲﾚ,,P1189-31350,0,,1,D500,4--,,2019/12/10,700,271356,,,2,1,0,0,3,,,,,,,,,4500271356,JAFA//D500,JAFA//D500,/D500ﾌﾞﾂﾘｭｳ/,,,,,,,,,,,,,,,0,0,0,0,,,,,,,,,,,0,,,,0,0,0,0,0,0,0,0,0,0,0,0,0,0,0,0,0,0,0,0,,,,0,,,,,,,3,,,,,,,,,,,,,,,
87,502,2019/11/30,10801021529,103463,JAFA,4500271357,,1,1,2019/11/30,PC,32.56,1,700,22792,1,DZ7,,,,ｺﾓﾉｲﾚ,,P1189-31350,0,,1,D500,4--,,2019/12/11,700,271357,,,2,1,0,0,3,,,,,,,,,4500271357,JAFA//D500,JAFA//D500,/D500ﾌﾞﾂﾘｭｳ/,,,,,,,,,,,,,,,0,0,0,0,,,,,,,,,,,0,,,,0,0,0,0,0,0,0,0,0,0,0,0,0,0,0,0,0,0,0,0,,,,0,,,,,,,3,,,,,,,,,,,,,,,
88,502,2019/11/30,10801021529,103463,JAFA,4500271358,,1,1,2019/11/30,PC,32.56,1,1300,42328,1,DZ7,,,,ｺﾓﾉｲﾚ,,P1189-31350,0,,1,D500,4--,,2019/12/12,1300,271358,,,2,1,0,0,3,,,,,,,,,4500271358,JAFA//D500,JAFA//D500,/D500ﾌﾞﾂﾘｭｳ/,,,,,,,,,,,,,,,0,0,0,0,,,,,,,,,,,0,,,,0,0,0,0,0,0,0,0,0,0,0,0,0,0,0,0,0,0,0,0,,,,0,,,,,,,3,,,,,,,,,,,,,,,
89,502,2019/11/30,10801021529,103463,JAFA,4500271359,,1,1,2019/11/30,PC,32.56,1,700,22792,1,DZ7,,,,ｺﾓﾉｲﾚ,,P1189-31350,0,,1,D500,4--,,2019/12/13,700,271359,,,2,1,0,0,3,,,,,,,,,4500271359,JAFA//D500,JAFA//D500,/D500ﾌﾞﾂﾘｭｳ/,,,,,,,,,,,,,,,0,0,0,0,,,,,,,,,,,0,,,,0,0,0,0,0,0,0,0,0,0,0,0,0,0,0,0,0,0,0,0,,,,0,,,,,,,3,,,,,,,,,,,,,,,
90,502,2019/11/30,10801021529,103463,JAFA,4500271360,,1,1,2019/11/30,PC,32.56,1,1300,42328,1,DZ7,,,,ｺﾓﾉｲﾚ,,P1189-31350,0,,1,D500,4--,,2019/12/16,1300,271360,,,2,1,0,0,3,,,,,,,,,4500271360,JAFA//D500,JAFA//D500,/D500ﾌﾞﾂﾘｭｳ/,,,,,,,,,,,,,,,0,0,0,0,,,,,,,,,,,0,,,,0,0,0,0,0,0,0,0,0,0,0,0,0,0,0,0,0,0,0,0,,,,0,,,,,,,3,,,,,,,,,,,,,,,
91,502,2019/11/30,10801021529,103463,JAFA,4500271361,,1,1,2019/11/30,PC,32.56,1,600,19536,1,DZ7,,,,ｺﾓﾉｲﾚ,,P1189-31350,0,,1,D500,4--,,2019/12/17,600,271361,,,2,1,0,0,3,,,,,,,,,4500271361,JAFA//D500,JAFA//D500,/D500ﾌﾞﾂﾘｭｳ/,,,,,,,,,,,,,,,0,0,0,0,,,,,,,,,,,0,,,,0,0,0,0,0,0,0,0,0,0,0,0,0,0,0,0,0,0,0,0,,,,0,,,,,,,3,,,,,,,,,,,,,,,
92,502,2019/11/30,10801021529,103463,JAFA,4500271362,,1,1,2019/11/30,PC,10.68,1,3960,42293,1,DZ7,,,,ﾁｮｳｾｲｱｼ,,P0335-36420,0,,2,21001627,4--,,2019/12/20,3960,271362,,,2,1,0,0,3,,,,,,,,,4500271362,JAFA//21001627A,JAFA//21001627A,/ｾﾝｼｭｳｺｳｷﾞｮｳKK/,,,,,,,,,,,,,,,0,0,0,0,,,,,,,,,,,0,,,,0,0,0,0,0,0,0,0,0,0,0,0,0,0,0,0,0,0,0,0,,,,0,,,,,,,1,,,,,,,,,,,,,,,
93,502,2019/11/30,10801021529,103463,JAFA,4500271363,,1,1,2019/11/30,PC,19.35,1,1000,19350,1,DZ7,,,,ﾎｰｽﾎﾙﾀﾞA,,P0120-82210,0,,1,D500,4--,,2019/12/10,1000,271363,,,2,1,0,0,3,,,,,,,,,4500271363,JAFA/J/D500,JAFA/J/D500,JｸｻﾂBI/D500ﾌﾞﾂﾘｭｳ/,,,,,,,,,,,,,,,0,0,0,0,,,,,,,,,,,0,,,,0,0,0,0,0,0,0,0,0,0,0,0,0,0,0,0,0,0,0,0,,,,0,,,,,,,3,,,,,,,,,,,,,,,
94,502,2019/11/30,10801021529,103463,JAFA,4500271364,,1,1,2019/11/30,PC,19.35,1,1600,30960,1,DZ7,,,,ﾎｰｽﾎﾙﾀﾞA,,P0120-82210,0,,1,D500,4--,,2019/12/11,1600,271364,,,2,1,0,0,3,,,,,,,,,4500271364,JAFA/J/D500,JAFA/J/D500,JｸｻﾂBI/D500ﾌﾞﾂﾘｭｳ/,,,,,,,,,,,,,,,0,0,0,0,,,,,,,,,,,0,,,,0,0,0,0,0,0,0,0,0,0,0,0,0,0,0,0,0,0,0,0,,,,0,,,,,,,3,,,,,,,,,,,,,,,
95,502,2019/11/30,10801021529,103463,JAFA,4500271365,,1,1,2019/11/30,PC,19.35,1,1700,32895,1,DZ7,,,,ﾎｰｽﾎﾙﾀﾞA,,P0120-82210,0,,1,D500,4--,,2019/12/12,1700,271365,,,2,1,0,0,3,,,,,,,,,4500271365,JAFA/J/D500,JAFA/J/D500,JｸｻﾂBI/D500ﾌﾞﾂﾘｭｳ/,,,,,,,,,,,,,,,0,0,0,0,,,,,,,,,,,0,,,,0,0,0,0,0,0,0,0,0,0,0,0,0,0,0,0,0,0,0,0,,,,0,,,,,,,3,,,,,,,,,,,,,,,
96,502,2019/11/30,10801021529,103463,JAFA,4500271366,,1,1,2019/11/30,PC,19.35,1,1800,34830,1,DZ7,,,,ﾎｰｽﾎﾙﾀﾞA,,P0120-82210,0,,1,D500,4--,,2019/12/13,1800,271366,,,2,1,0,0,3,,,,,,,,,4500271366,JAFA/J/D500,JAFA/J/D500,JｸｻﾂBI/D500ﾌﾞﾂﾘｭｳ/,,,,,,,,,,,,,,,0,0,0,0,,,,,,,,,,,0,,,,0,0,0,0,0,0,0,0,0,0,0,0,0,0,0,0,0,0,0,0,,,,0,,,,,,,3,,,,,,,,,,,,,,,
97,502,2019/11/30,10801021529,103463,JAFA,4500271367,,1,1,2019/11/30,PC,19.35,1,1500,29025,1,DZ7,,,,ﾎｰｽﾎﾙﾀﾞA,,P0120-82210,0,,1,D500,4--,,2019/12/16,1500,271367,,,2,1,0,0,3,,,,,,,,,4500271367,JAFA/J/D500,JAFA/J/D500,JｸｻﾂBI/D500ﾌﾞﾂﾘｭｳ/,,,,,,,,,,,,,,,0,0,0,0,,,,,,,,,,,0,,,,0,0,0,0,0,0,0,0,0,0,0,0,0,0,0,0,0,0,0,0,,,,0,,,,,,,3,,,,,,,,,,,,,,,
98,502,2019/11/30,10801021529,103463,JAFA,4500271368,,1,1,2019/11/30,PC,19.35,1,1700,32895,1,DZ7,,,,ﾎｰｽﾎﾙﾀﾞA,,P0120-82210,0,,1,D500,4--,,2019/12/17,1700,271368,,,2,1,0,0,3,,,,,,,,,4500271368,JAFA/J/D500,JAFA/J/D500,JｸｻﾂBI/D500ﾌﾞﾂﾘｭｳ/,,,,,,,,,,,,,,,0,0,0,0,,,,,,,,,,,0,,,,0,0,0,0,0,0,0,0,0,0,0,0,0,0,0,0,0,0,0,0,,,,0,,,,,,,3,,,,,,,,,,,,,,,
99,502,2019/11/30,10801021529,103463,JAFA,4500271369,,1,1,2019/11/30,PC,21.39,1,180,3851,1,DZ7,,,,ｶｺﾞﾋﾟﾝB,,P2166-02E10,0,,1,D253,4--,,2019/12/10,180,271369,,,2,1,0,0,3,,,,,,,,,4500271369,JAFA/J/D253,JAFA/J/D253,JｸｻﾂBI/D253ｼﾞｭﾝﾋﾞ(ｻﾝｺｰ)/,,,,,,,,,,,,,,,0,0,0,0,,,,,,,,,,,0,,,,0,0,0,0,0,0,0,0,0,0,0,0,0,0,0,0,0,0,0,0,,,,0,,,,,,,3,,,,,,,,,,,,,,,
100,502,2019/11/30,10801021529,103463,JAFA,4500271370,,1,1,2019/11/30,PC,21.39,1,180,3851,1,DZ7,,,,ｶｺﾞﾋﾟﾝB,,P2166-02E10,0,,1,D253,4--,,2019/12/11,180,271370,,,2,1,0,0,3,,,,,,,,,4500271370,JAFA/J/D253,JAFA/J/D253,JｸｻﾂBI/D253ｼﾞｭﾝﾋﾞ(ｻﾝｺｰ)/,,,,,,,,,,,,,,,0,0,0,0,,,,,,,,,,,0,,,,0,0,0,0,0,0,0,0,0,0,0,0,0,0,0,0,0,0,0,0,,,,0,,,,,,,3,,,,,,,,,,,,,,,
101,502,2019/11/30,10801021529,103463,JAFA,4500271371,,1,1,2019/11/30,PC,21.39,1,180,3851,1,DZ7,,,,ｶｺﾞﾋﾟﾝB,,P2166-02E10,0,,1,D253,4--,,2019/12/12,180,271371,,,2,1,0,0,3,,,,,,,,,4500271371,JAFA/J/D253,JAFA/J/D253,JｸｻﾂBI/D253ｼﾞｭﾝﾋﾞ(ｻﾝｺｰ)/,,,,,,,,,,,,,,,0,0,0,0,,,,,,,,,,,0,,,,0,0,0,0,0,0,0,0,0,0,0,0,0,0,0,0,0,0,0,0,,,,0,,,,,,,3,,,,,,,,,,,,,,,
102,502,2019/11/30,10801021529,103463,JAFA,4500271372,,1,1,2019/11/30,PC,21.39,1,90,1926,1,DZ7,,,,ｶｺﾞﾋﾟﾝB,,P2166-02E10,0,,1,D253,4--,,2019/12/13,90,271372,,,2,1,0,0,3,,,,,,,,,4500271372,JAFA/J/D253,JAFA/J/D253,JｸｻﾂBI/D253ｼﾞｭﾝﾋﾞ(ｻﾝｺｰ)/,,,,,,,,,,,,,,,0,0,0,0,,,,,,,,,,,0,,,,0,0,0,0,0,0,0,0,0,0,0,0,0,0,0,0,0,0,0,0,,,,0,,,,,,,3,,,,,,,,,,,,,,,
103,502,2019/11/30,10801021529,103463,JAFA,4500271373,,1,1,2019/11/30,PC,21.39,1,180,3851,1,DZ7,,,,ｶｺﾞﾋﾟﾝB,,P2166-02E10,0,,1,D253,4--,,2019/12/16,180,271373,,,2,1,0,0,3,,,,,,,,,4500271373,JAFA/J/D253,JAFA/J/D253,JｸｻﾂBI/D253ｼﾞｭﾝﾋﾞ(ｻﾝｺｰ)/,,,,,,,,,,,,,,,0,0,0,0,,,,,,,,,,,0,,,,0,0,0,0,0,0,0,0,0,0,0,0,0,0,0,0,0,0,0,0,,,,0,,,,,,,3,,,,,,,,,,,,,,,
104,502,2019/11/30,10801021529,103463,JAFA,4500271374,,1,1,2019/11/30,PC,21.39,1,270,5776,1,DZ7,,,,ｶｺﾞﾋﾟﾝB,,P2166-02E10,0,,1,D253,4--,,2019/12/17,270,271374,,,2,1,0,0,3,,,,,,,,,4500271374,JAFA/J/D253,JAFA/J/D253,JｸｻﾂBI/D253ｼﾞｭﾝﾋﾞ(ｻﾝｺｰ)/,,,,,,,,,,,,,,,0,0,0,0,,,,,,,,,,,0,,,,0,0,0,0,0,0,0,0,0,0,0,0,0,0,0,0,0,0,0,0,,,,0,,,,,,,3,,,,,,,,,,,,,,,
105,502,2019/11/30,10801021529,103463,JAFA,4500271375,,1,1,2019/11/30,PC,24.04,1,60,1443,1,DZ7,,,,ｶｺﾞﾋﾟﾝB,,P2166-02F10,0,,1,DH00,4--,,2019/12/11,60,271375,,,2,1,0,0,3,,,,,,,,,4500271375,JAFA/3/DH00,JAFA/3/DH00,3ｻｰﾋﾞｽｸｻﾂ/DH00ﾎｼｭｳﾌﾞﾋﾝ/,,,,,,,,,,,,,,,0,0,0,0,,,,,,,,,,,0,,,,0,0,0,0,0,0,0,0,0,0,0,0,0,0,0,0,0,0,0,0,,,,0,,,,,,,3,,,,,,,,,,,,,,,
106,502,2019/11/30,10801021529,103463,JAFA,4500271376,,1,1,2019/11/30,PC,24.04,1,180,4328,1,DZ7,,,,ｶｺﾞﾋﾟﾝB,,P2166-02F10,0,,1,D253,4--,,2019/12/10,180,271376,,,2,1,0,0,3,,,,,,,,,4500271376,JAFA/J/D253,JAFA/J/D253,JｸｻﾂBI/D253ｼﾞｭﾝﾋﾞ(ｻﾝｺｰ)/,,,,,,,,,,,,,,,0,0,0,0,,,,,,,,,,,0,,,,0,0,0,0,0,0,0,0,0,0,0,0,0,0,0,0,0,0,0,0,,,,0,,,,,,,3,,,,,,,,,,,,,,,
107,502,2019/11/30,10801021529,103463,JAFA,4500271377,,1,1,2019/11/30,PC,24.04,1,780,18752,1,DZ7,,,,ｶｺﾞﾋﾟﾝB,,P2166-02F10,0,,1,D253,4--,,2019/12/11,780,271377,,,2,1,0,0,3,,,,,,,,,4500271377,JAFA/J/D253,JAFA/J/D253,JｸｻﾂBI/D253ｼﾞｭﾝﾋﾞ(ｻﾝｺｰ)/,,,,,,,,,,,,,,,0,0,0,0,,,,,,,,,,,0,,,,0,0,0,0,0,0,0,0,0,0,0,0,0,0,0,0,0,0,0,0,,,,0,,,,,,,3,,,,,,,,,,,,,,,
108,502,2019/11/30,10801021529,103463,JAFA,4500271378,,1,1,2019/11/30,PC,24.04,1,60,1443,1,DZ7,,,,ｶｺﾞﾋﾟﾝB,,P2166-02F10,0,,1,D253,4--,,2019/12/12,60,271378,,,2,1,0,0,3,,,,,,,,,4500271378,JAFA/J/D253,JAFA/J/D253,JｸｻﾂBI/D253ｼﾞｭﾝﾋﾞ(ｻﾝｺｰ)/,,,,,,,,,,,,,,,0,0,0,0,,,,,,,,,,,0,,,,0,0,0,0,0,0,0,0,0,0,0,0,0,0,0,0,0,0,0,0,,,,0,,,,,,,3,,,,,,,,,,,,,,,
109,502,2019/11/30,10801021529,103463,JAFA,4500271379,,1,1,2019/11/30,PC,24.04,1,780,18752,1,DZ7,,,,ｶｺﾞﾋﾟﾝB,,P2166-02F10,0,,1,D253,4--,,2019/12/13,780,271379,,,2,1,0,0,3,,,,,,,,,4500271379,JAFA/J/D253,JAFA/J/D253,JｸｻﾂBI/D253ｼﾞｭﾝﾋﾞ(ｻﾝｺｰ)/,,,,,,,,,,,,,,,0,0,0,0,,,,,,,,,,,0,,,,0,0,0,0,0,0,0,0,0,0,0,0,0,0,0,0,0,0,0,0,,,,0,,,,,,,3,,,,,,,,,,,,,,,
110,502,2019/11/30,10801021529,103463,JAFA,4500271380,,1,1,2019/11/30,PC,24.04,1,240,5770,1,DZ7,,,,ｶｺﾞﾋﾟﾝB,,P2166-02F10,0,,1,D253,4--,,2019/12/16,240,271380,,,2,1,0,0,3,,,,,,,,,4500271380,JAFA/J/D253,JAFA/J/D253,JｸｻﾂBI/D253ｼﾞｭﾝﾋﾞ(ｻﾝｺｰ)/,,,,,,,,,,,,,,,0,0,0,0,,,,,,,,,,,0,,,,0,0,0,0,0,0,0,0,0,0,0,0,0,0,0,0,0,0,0,0,,,,0,,,,,,,3,,,,,,,,,,,,,,,
111,502,2019/11/30,10801021529,103463,JAFA,4500271381,,1,1,2019/11/30,PC,24.04,1,660,15867,1,DZ7,,,,ｶｺﾞﾋﾟﾝB,,P2166-02F10,0,,1,D253,4--,,2019/12/17,660,271381,,,2,1,0,0,3,,,,,,,,,4500271381,JAFA/J/D253,JAFA/J/D253,JｸｻﾂBI/D253ｼﾞｭﾝﾋﾞ(ｻﾝｺｰ)/,,,,,,,,,,,,,,,0,0,0,0,,,,,,,,,,,0,,,,0,0,0,0,0,0,0,0,0,0,0,0,0,0,0,0,0,0,0,0,,,,0,,,,,,,3,,,,,,,,,,,,,,,
112,502,2019/11/30,10801021529,103463,JAFA,4500271382,,1,1,2019/11/30,PC,18.75,1,432,8100,1,DZ7,,,,ｶｺﾞﾋﾟﾝB,,P2166-93020,0,,1,D253,4--,,2019/12/10,432,271382,,,2,1,0,0,3,,,,,,,,,4500271382,JAFA/J/D253,JAFA/J/D253,JｸｻﾂBI/D253ｼﾞｭﾝﾋﾞ(ｻﾝｺｰ)/,,,,,,,,,,,,,,,0,0,0,0,,,,,,,,,,,0,,,,0,0,0,0,0,0,0,0,0,0,0,0,0,0,0,0,0,0,0,0,,,,0,,,,,,,3,,,,,,,,,,,,,,,
113,502,2019/11/30,10801021529,103463,JAFA,4500271383,,1,1,2019/11/30,PC,18.75,1,432,8100,1,DZ7,,,,ｶｺﾞﾋﾟﾝB,,P2166-93020,0,,1,D253,4--,,2019/12/11,432,271383,,,2,1,0,0,3,,,,,,,,,4500271383,JAFA/J/D253,JAFA/J/D253,JｸｻﾂBI/D253ｼﾞｭﾝﾋﾞ(ｻﾝｺｰ)/,,,,,,,,,,,,,,,0,0,0,0,,,,,,,,,,,0,,,,0,0,0,0,0,0,0,0,0,0,0,0,0,0,0,0,0,0,0,0,,,,0,,,,,,,3,,,,,,,,,,,,,,,
114,502,2019/11/30,10801021529,103463,JAFA,4500271384,,1,1,2019/11/30,PC,18.75,1,1080,20250,1,DZ7,,,,ｶｺﾞﾋﾟﾝB,,P2166-93020,0,,1,D253,4--,,2019/12/12,1080,271384,,,2,1,0,0,3,,,,,,,,,4500271384,JAFA/J/D253,JAFA/J/D253,JｸｻﾂBI/D253ｼﾞｭﾝﾋﾞ(ｻﾝｺｰ)/,,,,,,,,,,,,,,,0,0,0,0,,,,,,,,,,,0,,,,0,0,0,0,0,0,0,0,0,0,0,0,0,0,0,0,0,0,0,0,,,,0,,,,,,,3,,,,,,,,,,,,,,,
115,502,2019/11/30,10801021529,103463,JAFA,4500271385,,1,1,2019/11/30,PC,18.75,1,648,12150,1,DZ7,,,,ｶｺﾞﾋﾟﾝB,,P2166-93020,0,,1,D253,4--,,2019/12/13,648,271385,,,2,1,0,0,3,,,,,,,,,4500271385,JAFA/J/D253,JAFA/J/D253,JｸｻﾂBI/D253ｼﾞｭﾝﾋﾞ(ｻﾝｺｰ)/,,,,,,,,,,,,,,,0,0,0,0,,,,,,,,,,,0,,,,0,0,0,0,0,0,0,0,0,0,0,0,0,0,0,0,0,0,0,0,,,,0,,,,,,,3,,,,,,,,,,,,,,,
116,502,2019/11/30,10801021529,103463,JAFA,4500271386,,1,1,2019/11/30,PC,18.75,1,864,16200,1,DZ7,,,,ｶｺﾞﾋﾟﾝB,,P2166-93020,0,,1,D253,4--,,2019/12/16,864,271386,,,2,1,0,0,3,,,,,,,,,4500271386,JAFA/J/D253,JAFA/J/D253,JｸｻﾂBI/D253ｼﾞｭﾝﾋﾞ(ｻﾝｺｰ)/,,,,,,,,,,,,,,,0,0,0,0,,,,,,,,,,,0,,,,0,0,0,0,0,0,0,0,0,0,0,0,0,0,0,0,0,0,0,0,,,,0,,,,,,,3,,,,,,,,,,,,,,,
117,502,2019/11/30,10801021529,103463,JAFA,4500271387,,1,1,2019/11/30,PC,18.75,1,648,12150,1,DZ7,,,,ｶｺﾞﾋﾟﾝB,,P2166-93020,0,,1,D253,4--,,2019/12/17,648,271387,,,2,1,0,0,3,,,,,,,,,4500271387,JAFA/J/D253,JAFA/J/D253,JｸｻﾂBI/D253ｼﾞｭﾝﾋﾞ(ｻﾝｺｰ)/,,,,,,,,,,,,,,,0,0,0,0,,,,,,,,,,,0,,,,0,0,0,0,0,0,0,0,0,0,0,0,0,0,0,0,0,0,0,0,,,,0,,,,,,,3,,,,,,,,,,,,,,,
118,502,2019/11/30,10801021529,103463,JAFA,4500271388,,1,1,2019/11/30,PC,24.51,1,216,5295,1,DZ7,,,,ｶｺﾞﾋﾟﾝB,,P2166-93110,0,,1,D253,4--,,2019/12/10,216,271388,,,2,1,0,0,3,,,,,,,,,4500271388,JAFA/J/D253,JAFA/J/D253,JｸｻﾂBI/D253ｼﾞｭﾝﾋﾞ(ｻﾝｺｰ)/,,,,,,,,,,,,,,,0,0,0,0,,,,,,,,,,,0,,,,0,0,0,0,0,0,0,0,0,0,0,0,0,0,0,0,0,0,0,0,,,,0,,,,,,,3,,,,,,,,,,,,,,,
119,502,2019/11/30,10801021529,103463,JAFA,4500271389,,1,1,2019/11/30,PC,24.51,1,216,5295,1,DZ7,,,,ｶｺﾞﾋﾟﾝB,,P2166-93110,0,,1,D253,4--,,2019/12/11,216,271389,,,2,1,0,0,3,,,,,,,,,4500271389,JAFA/J/D253,JAFA/J/D253,JｸｻﾂBI/D253ｼﾞｭﾝﾋﾞ(ｻﾝｺｰ)/,,,,,,,,,,,,,,,0,0,0,0,,,,,,,,,,,0,,,,0,0,0,0,0,0,0,0,0,0,0,0,0,0,0,0,0,0,0,0,,,,0,,,,,,,3,,,,,,,,,,,,,,,
120,502,2019/11/30,10801021529,103463,JAFA,4500271390,,1,1,2019/11/30,PC,24.51,1,360,8824,1,DZ7,,,,ｶｺﾞﾋﾟﾝB,,P2166-93110,0,,1,D253,4--,,2019/12/12,360,271390,,,2,1,0,0,3,,,,,,,,,4500271390,JAFA/J/D253,JAFA/J/D253,JｸｻﾂBI/D253ｼﾞｭﾝﾋﾞ(ｻﾝｺｰ)/,,,,,,,,,,,,,,,0,0,0,0,,,,,,,,,,,0,,,,0,0,0,0,0,0,0,0,0,0,0,0,0,0,0,0,0,0,0,0,,,,0,,,,,,,3,,,,,,,,,,,,,,,
121,502,2019/11/30,10801021529,103463,JAFA,4500271391,,1,1,2019/11/30,PC,24.51,1,360,8824,1,DZ7,,,,ｶｺﾞﾋﾟﾝB,,P2166-93110,0,,1,D253,4--,,2019/12/16,360,271391,,,2,1,0,0,3,,,,,,,,,4500271391,JAFA/J/D253,JAFA/J/D253,JｸｻﾂBI/D253ｼﾞｭﾝﾋﾞ(ｻﾝｺｰ)/,,,,,,,,,,,,,,,0,0,0,0,,,,,,,,,,,0,,,,0,0,0,0,0,0,0,0,0,0,0,0,0,0,0,0,0,0,0,0,,,,0,,,,,,,3,,,,,,,,,,,,,,,
122,502,2019/11/30,10801021529,103463,JAFA,4500271392,,1,1,2019/11/30,PC,2.51,1,3400,8534,1,DZ7,,,,ｱｼｲﾀC,,P0351-39000,0,,1,D253,4--,,2019/12/13,3400,271392,,,2,1,0,0,3,,,,,,,,,4500271392,JAFA/J/D253,JAFA/J/D253,JｸｻﾂBI/D253ｼﾞｭﾝﾋﾞ(ｻﾝｺｰ)/,,,,,,,,,,,,,,,0,0,0,0,,,,,,,,,,,0,,,,0,0,0,0,0,0,0,0,0,0,0,0,0,0,0,0,0,0,0,0,,,,0,,,,,,,3,,,,,,,,,,,,,,,
123,502,2019/11/30,10801021529,103463,JAFA,4500271393,,1,1,2019/11/30,PC,15.79,1,300,4737,1,DZ7,,,,ﾀﾞｸﾄA,,P2297-46010S,0,,1,D253,4--,,2019/12/10,300,271393,,,2,1,0,0,3,,,,,,,,,4500271393,JAFA/J/D253,JAFA/J/D253,JｸｻﾂBI/D253ｼﾞｭﾝﾋﾞ(ｻﾝｺｰ)/,,,,,,,,,,,,,,,0,0,0,0,,,,,,,,,,,0,,,,0,0,0,0,0,0,0,0,0,0,0,0,0,0,0,0,0,0,0,0,,,,0,,,,,,,3,,,,,,,,,,,,,,,
124,502,2019/11/30,10801021529,103463,JAFA,4500271394,,1,1,2019/11/30,PC,2.39,1,5000,11950,1,DZ8,,,,ﾎ-ｽﾎﾙﾀﾞB,,P1295-10M00,0,,1,D500,4--,,2019/12/17,5000,271394,,,2,1,0,0,3,,,,,,,,,4500271394,JAFA/J/D500,JAFA/J/D500,JｸｻﾂBI/D500ﾌﾞﾂﾘｭｳ/,,,,,,,,,,,,,,,0,0,0,0,,,,,,,,,,,0,,,,0,0,0,0,0,0,0,0,0,0,0,0,0,0,0,0,0,0,0,0,,,,0,,,,,,,3,,,,,,,,,,,,,,,
125,502,2019/11/30,10801021529,103463,JAFA,4500271395,,1,1,2019/11/30,PC,4.95,1,3000,14850,1,DZ7,,,,ｽｲｯﾁﾌﾟﾚ-ﾄB,,P0624-45900,0,,1,D500,4--,,2019/12/17,3000,271395,,,2,1,0,0,3,,,,,,,,,4500271395,JAFA/J/D500,JAFA/J/D500,JｸｻﾂBI/D500ﾌﾞﾂﾘｭｳ/,,,,,,,,,,,,,,,0,0,0,0,,,,,,,,,,,0,,,,0,0,0,0,0,0,0,0,0,0,0,0,0,0,0,0,0,0,0,0,,,,0,,,,,,,3,,,,,,,,,,,,,,,
126,502,2019/11/30,10801021529,103463,JAFA,4500271396,,1,1,2019/11/30,PC,4.95,1,2000,9900,1,DZ7,,,,ｽｲｯﾁﾌﾟﾚ-ﾄB,,P0624-45900,0,,1,D500,4--,,2019/12/19,2000,271396,,,2,1,0,0,3,,,,,,,,,4500271396,JAFA/J/D500,JAFA/J/D500,JｸｻﾂBI/D500ﾌﾞﾂﾘｭｳ/,,,,,,,,,,,,,,,0,0,0,0,,,,,,,,,,,0,,,,0,0,0,0,0,0,0,0,0,0,0,0,0,0,0,0,0,0,0,0,,,,0,,,,,,,3,,,,,,,,,,,,,,,
127,502,2019/11/30,10801021529,103463,JAFA,4500271397,,1,1,2019/11/30,PC,4.95,1,3000,14850,1,DZ7,,,,ｽｲｯﾁﾌﾟﾚ-ﾄB,,P0624-45900,0,,1,D500,4--,,2019/12/23,3000,271397,,,2,1,0,0,3,,,,,,,,,4500271397,JAFA/J/D500,JAFA/J/D500,JｸｻﾂBI/D500ﾌﾞﾂﾘｭｳ/,,,,,,,,,,,,,,,0,0,0,0,,,,,,,,,,,0,,,,0,0,0,0,0,0,0,0,0,0,0,0,0,0,0,0,0,0,0,0,,,,0,,,,,,,3,,,,,,,,,,,,,,,
128,502,2019/11/30,10801021529,103463,JAFA,4500271398,,1,1,2019/11/30,PC,18.38,1,1000,18380,1,DZ7,,,,ｷｭｳｽｲﾍﾞﾝ~ｲﾀA,,P2918-02C40,0,,1,D250,4--,,2019/12/10,1000,271398,,,2,1,0,0,3,,,,,,,,,4500271398,JAFA//D250,JAFA//D250,/D250ｼﾞｭﾝﾋﾞ(ﾄｯﾌﾟﾏｰｸ)/,,,,,,,,,,,,,,,0,0,0,0,,,,,,,,,,,0,,,,0,0,0,0,0,0,0,0,0,0,0,0,0,0,0,0,0,0,0,0,,,,0,,,,,,,3,,,,,,,,,,,,,,,
129,502,2019/11/30,10801021529,103463,JAFA,4500271399,,1,1,2019/11/30,PC,18.38,1,1500,27570,1,DZ7,,,,ｷｭｳｽｲﾍﾞﾝ~ｲﾀA,,P2918-02C40,0,,1,D250,4--,,2019/12/11,1500,271399,,,2,1,0,0,3,,,,,,,,,4500271399,JAFA//D250,JAFA//D250,/D250ｼﾞｭﾝﾋﾞ(ﾄｯﾌﾟﾏｰｸ)/,,,,,,,,,,,,,,,0,0,0,0,,,,,,,,,,,0,,,,0,0,0,0,0,0,0,0,0,0,0,0,0,0,0,0,0,0,0,0,,,,0,,,,,,,3,,,,,,,,,,,,,,,
130,502,2019/11/30,10801021529,103463,JAFA,4500271400,,1,1,2019/11/30,PC,18.38,1,1500,27570,1,DZ7,,,,ｷｭｳｽｲﾍﾞﾝ~ｲﾀA,,P2918-02C40,0,,1,D250,4--,,2019/12/12,1500,271400,,,2,1,0,0,3,,,,,,,,,4500271400,JAFA//D250,JAFA//D250,/D250ｼﾞｭﾝﾋﾞ(ﾄｯﾌﾟﾏｰｸ)/,,,,,,,,,,,,,,,0,0,0,0,,,,,,,,,,,0,,,,0,0,0,0,0,0,0,0,0,0,0,0,0,0,0,0,0,0,0,0,,,,0,,,,,,,3,,,,,,,,,,,,,,,
131,502,2019/11/30,10801021529,103463,JAFA,4500271401,,1,1,2019/11/30,PC,18.38,1,1600,29408,1,DZ7,,,,ｷｭｳｽｲﾍﾞﾝ~ｲﾀA,,P2918-02C40,0,,1,D250,4--,,2019/12/13,1600,271401,,,2,1,0,0,3,,,,,,,,,4500271401,JAFA//D250,JAFA//D250,/D250ｼﾞｭﾝﾋﾞ(ﾄｯﾌﾟﾏｰｸ)/,,,,,,,,,,,,,,,0,0,0,0,,,,,,,,,,,0,,,,0,0,0,0,0,0,0,0,0,0,0,0,0,0,0,0,0,0,0,0,,,,0,,,,,,,3,,,,,,,,,,,,,,,
132,502,2019/11/30,10801021529,103463,JAFA,4500271402,,1,1,2019/11/30,PC,18.38,1,1700,31246,1,DZ7,,,,ｷｭｳｽｲﾍﾞﾝ~ｲﾀA,,P2918-02C40,0,,1,D250,4--,,2019/12/16,1700,271402,,,2,1,0,0,3,,,,,,,,,4500271402,JAFA//D250,JAFA//D250,/D250ｼﾞｭﾝﾋﾞ(ﾄｯﾌﾟﾏｰｸ)/,,,,,,,,,,,,,,,0,0,0,0,,,,,,,,,,,0,,,,0,0,0,0,0,0,0,0,0,0,0,0,0,0,0,0,0,0,0,0,,,,0,,,,,,,3,,,,,,,,,,,,,,,
133,502,2019/11/30,10801021529,103463,JAFA,4500271403,,1,1,2019/11/30,PC,18.38,1,1500,27570,1,DZ7,,,,ｷｭｳｽｲﾍﾞﾝ~ｲﾀA,,P2918-02C40,0,,1,D250,4--,,2019/12/17,1500,271403,,,2,1,0,0,3,,,,,,,,,4500271403,JAFA//D250,JAFA//D250,/D250ｼﾞｭﾝﾋﾞ(ﾄｯﾌﾟﾏｰｸ)/,,,,,,,,,,,,,,,0,0,0,0,,,,,,,,,,,0,,,,0,0,0,0,0,0,0,0,0,0,0,0,0,0,0,0,0,0,0,0,,,,0,,,,,,,3,,,,,,,,,,,,,,,
134,502,2019/11/30,10801021529,103463,JAFA,4500271404,,1,1,2019/11/30,PC,16.83,1,100,1683,1,DZ7,,,,ｷﾕｳｽｲﾍﾞﾝ-ｲﾀA,,P2918-39020,0,,1,D250,4--,,2019/12/12,100,271404,,,2,1,0,0,3,,,,,,,,,4500271404,JAFA//D250,JAFA//D250,/D250ｼﾞｭﾝﾋﾞ(ﾄｯﾌﾟﾏｰｸ)/,,,,,,,,,,,,,,,0,0,0,0,,,,,,,,,,,0,,,,0,0,0,0,0,0,0,0,0,0,0,0,0,0,0,0,0,0,0,0,,,,0,,,,,,,3,,,,,,,,,,,,,,,
135,502,2019/11/30,10801021529,103463,JAFA,4500271405,,1,1,2019/11/30,PC,31.07,1,90,2797,1,DZ7,,,,ｷｭｳｽｲﾍﾞﾝﾄﾘﾂｹｲﾀ,,P2918-96520,0,,1,D250,4--,,2019/12/16,90,271405,,,2,1,0,0,3,,,,,,,,,4500271405,JAFA//D250,JAFA//D250,/D250ｼﾞｭﾝﾋﾞ(ﾄｯﾌﾟﾏｰｸ)/,,,,,,,,,,,,,,,0,0,0,0,,,,,,,,,,,0,,,,0,0,0,0,0,0,0,0,0,0,0,0,0,0,0,0,0,0,0,0,,,,0,,,,,,,3,,,,,,,,,,,,,,,
136,502,2019/11/30,10801021529,103463,JAFA,4500271406,,1,1,2019/11/30,PC,6.34,1,1600,10144,1,DZ7,,,,ﾗｯﾁB,,P2132-93010,0,,1,D250,4--,,2019/12/16,1600,271406,,,2,1,0,0,3,,,,,,,,,4500271406,JAFA/J/D250,JAFA/J/D250,JｸｻﾂBI/D250ｼﾞｭﾝﾋﾞ(ﾄｯﾌﾟﾏｰｸ)/,,,,,,,,,,,,,,,0,0,0,0,,,,,,,,,,,0,,,,0,0,0,0,0,0,0,0,0,0,0,0,0,0,0,0,0,0,0,0,,,,0,,,,,,,3,,,,,,,,,,,,,,,
137,502,2019/11/30,10801021529,103463,JAFA,4500271407,,1,1,2019/11/30,PC,6.34,1,1600,10144,1,DZ7,,,,ﾗｯﾁB,,P2132-93010,0,,1,D250,4--,,2019/12/17,1600,271407,,,2,1,0,0,3,,,,,,,,,4500271407,JAFA/J/D250,JAFA/J/D250,JｸｻﾂBI/D250ｼﾞｭﾝﾋﾞ(ﾄｯﾌﾟﾏｰｸ)/,,,,,,,,,,,,,,,0,0,0,0,,,,,,,,,,,0,,,,0,0,0,0,0,0,0,0,0,0,0,0,0,0,0,0,0,0,0,0,,,,0,,,,,,,3,,,,,,,,,,,,,,,
138,502,2019/11/30,10801021529,103463,JAFA,4500271408,,1,1,2019/11/30,PC,6.34,1,1600,10144,1,DZ7,,,,ﾗｯﾁB,,P2132-93010,0,,1,D250,4--,,2019/12/20,1600,271408,,,2,1,0,0,3,,,,,,,,,4500271408,JAFA/J/D250,JAFA/J/D250,JｸｻﾂBI/D250ｼﾞｭﾝﾋﾞ(ﾄｯﾌﾟﾏｰｸ)/,,,,,,,,,,,,,,,0,0,0,0,,,,,,,,,,,0,,,,0,0,0,0,0,0,0,0,0,0,0,0,0,0,0,0,0,0,0,0,,,,0,,,,,,,3,,,,,,,,,,,,,,,
139,502,2019/11/30,10801021529,103463,JAFA,4500271409,,1,1,2019/11/30,PC,6.34,1,1600,10144,1,DZ7,,,,ﾗｯﾁB,,P2132-93010,0,,1,D250,4--,,2019/12/23,1600,271409,,,2,1,0,0,3,,,,,,,,,4500271409,JAFA/J/D250,JAFA/J/D250,JｸｻﾂBI/D250ｼﾞｭﾝﾋﾞ(ﾄｯﾌﾟﾏｰｸ)/,,,,,,,,,,,,,,,0,0,0,0,,,,,,,,,,,0,,,,0,0,0,0,0,0,0,0,0,0,0,0,0,0,0,0,0,0,0,0,,,,0,,,,,,,3,,,,,,,,,,,,,,,
140,502,2019/11/30,10801021529,103463,JAFA,4500271410,,1,1,2019/11/30,PC,6.34,1,1600,10144,1,DZ7,,,,ﾗｯﾁB,,P2132-93010,0,,1,D250,4--,,2019/12/24,1600,271410,,,2,1,0,0,3,,,,,,,,,4500271410,JAFA/J/D250,JAFA/J/D250,JｸｻﾂBI/D250ｼﾞｭﾝﾋﾞ(ﾄｯﾌﾟﾏｰｸ)/,,,,,,,,,,,,,,,0,0,0,0,,,,,,,,,,,0,,,,0,0,0,0,0,0,0,0,0,0,0,0,0,0,0,0,0,0,0,0,,,,0,,,,,,,3,,,,,,,,,,,,,,,
141,502,2019/11/30,10801021529,103463,JAFA,4500271411,,1,1,2019/11/30,PC,35.65,1,30,1070,1,DZ7,,,,ｶｺﾞﾋﾟﾝB,,P2166-67360,0,,1,DH00,4--,,2019/12/11,30,271411,,,2,1,0,0,3,,,,,,,,,4500271411,JAFA/3/DH00,JAFA/3/DH00,3ｻｰﾋﾞｽｸｻﾂ/DH00ﾎｼｭｳﾌﾞﾋﾝ/,,,,,,,,,,,,,,,0,0,0,0,,,,,,,,,,,0,,,,0,0,0,0,0,0,0,0,0,0,0,0,0,0,0,0,0,0,0,0,,,,0,,,,,,,3,,,,,,,,,,,,,,,
142,502,2019/11/30,10801021529,103463,JAFA,4500271412,,1,1,2019/11/30,PC,35.28,1,600,21168,1,DZ7,,,,ｶｺﾞﾋﾟﾝB,,P2166-67370,0,,1,D253,4--,,2019/12/10,600,271412,,,2,1,0,0,3,,,,,,,,,4500271412,JAFA/J/D253,JAFA/J/D253,JｸｻﾂBI/D253ｼﾞｭﾝﾋﾞ(ｻﾝｺｰ)/,,,,,,,,,,,,,,,0,0,0,0,,,,,,,,,,,0,,,,0,0,0,0,0,0,0,0,0,0,0,0,0,0,0,0,0,0,0,0,,,,0,,,,,,,3,,,,,,,,,,,,,,,
143,502,2019/11/30,10801021529,103463,JAFA,4500271413,,1,1,2019/11/30,PC,35.28,1,660,23285,1,DZ7,,,,ｶｺﾞﾋﾟﾝB,,P2166-67370,0,,1,D253,4--,,2019/12/11,660,271413,,,2,1,0,0,3,,,,,,,,,4500271413,JAFA/J/D253,JAFA/J/D253,JｸｻﾂBI/D253ｼﾞｭﾝﾋﾞ(ｻﾝｺｰ)/,,,,,,,,,,,,,,,0,0,0,0,,,,,,,,,,,0,,,,0,0,0,0,0,0,0,0,0,0,0,0,0,0,0,0,0,0,0,0,,,,0,,,,,,,3,,,,,,,,,,,,,,,
144,502,2019/11/30,10801021529,103463,JAFA,4500271414,,1,1,2019/11/30,PC,35.28,1,1380,48687,1,DZ7,,,,ｶｺﾞﾋﾟﾝB,,P2166-67370,0,,1,D253,4--,,2019/12/12,1380,271414,,,2,1,0,0,3,,,,,,,,,4500271414,JAFA/J/D253,JAFA/J/D253,JｸｻﾂBI/D253ｼﾞｭﾝﾋﾞ(ｻﾝｺｰ)/,,,,,,,,,,,,,,,0,0,0,0,,,,,,,,,,,0,,,,0,0,0,0,0,0,0,0,0,0,0,0,0,0,0,0,0,0,0,0,,,,0,,,,,,,3,,,,,,,,,,,,,,,
145,502,2019/11/30,10801021529,103463,JAFA,4500271415,,1,1,2019/11/30,PC,35.28,1,720,25402,1,DZ7,,,,ｶｺﾞﾋﾟﾝB,,P2166-67370,0,,1,D253,4--,,2019/12/13,720,271415,,,2,1,0,0,3,,,,,,,,,4500271415,JAFA/J/D253,JAFA/J/D253,JｸｻﾂBI/D253ｼﾞｭﾝﾋﾞ(ｻﾝｺｰ)/,,,,,,,,,,,,,,,0,0,0,0,,,,,,,,,,,0,,,,0,0,0,0,0,0,0,0,0,0,0,0,0,0,0,0,0,0,0,0,,,,0,,,,,,,3,,,,,,,,,,,,,,,
146,502,2019/11/30,10801021529,103463,JAFA,4500271416,,1,1,2019/11/30,PC,35.28,1,1170,41278,1,DZ7,,,,ｶｺﾞﾋﾟﾝB,,P2166-67370,0,,1,D253,4--,,2019/12/16,1170,271416,,,2,1,0,0,3,,,,,,,,,4500271416,JAFA/J/D253,JAFA/J/D253,JｸｻﾂBI/D253ｼﾞｭﾝﾋﾞ(ｻﾝｺｰ)/,,,,,,,,,,,,,,,0,0,0,0,,,,,,,,,,,0,,,,0,0,0,0,0,0,0,0,0,0,0,0,0,0,0,0,0,0,0,0,,,,0,,,,,,,3,,,,,,,,,,,,,,,
147,502,2019/11/30,10801021529,103463,JAFA,4500271417,,1,1,2019/11/30,PC,35.28,1,750,26460,1,DZ7,,,,ｶｺﾞﾋﾟﾝB,,P2166-67370,0,,1,D253,4--,,2019/12/17,750,271417,,,2,1,0,0,3,,,,,,,,,4500271417,JAFA/J/D253,JAFA/J/D253,JｸｻﾂBI/D253ｼﾞｭﾝﾋﾞ(ｻﾝｺｰ)/,,,,,,,,,,,,,,,0,0,0,0,,,,,,,,,,,0,,,,0,0,0,0,0,0,0,0,0,0,0,0,0,0,0,0,0,0,0,0,,,,0,,,,,,,3,,,,,,,,,,,,,,,
148,502,2019/11/30,10801021529,103463,JAFA,4500271418,,1,1,2019/11/30,PC,32.43,1,60,1946,1,DZ7,,,,ｶｺﾞﾋﾟﾝB,,P2166-67460,0,,1,DH00,4--,,2019/12/11,60,271418,,,2,1,0,0,3,,,,,,,,,4500271418,JAFA/3/DH00,JAFA/3/DH00,3ｻｰﾋﾞｽｸｻﾂ/DH00ﾎｼｭｳﾌﾞﾋﾝ/,,,,,,,,,,,,,,,0,0,0,0,,,,,,,,,,,0,,,,0,0,0,0,0,0,0,0,0,0,0,0,0,0,0,0,0,0,0,0,,,,0,,,,,,,3,,,,,,,,,,,,,,,
149,502,2019/11/30,10801021529,103463,JAFA,4500271419,,1,1,2019/11/30,PC,32.4,1,600,19440,1,DZ7,,,,ｶｺﾞﾋﾟﾝB,,P2166-67470,0,,1,D253,4--,,2019/12/10,600,271419,,,2,1,0,0,3,,,,,,,,,4500271419,JAFA/J/D253,JAFA/J/D253,JｸｻﾂBI/D253ｼﾞｭﾝﾋﾞ(ｻﾝｺｰ)/,,,,,,,,,,,,,,,0,0,0,0,,,,,,,,,,,0,,,,0,0,0,0,0,0,0,0,0,0,0,0,0,0,0,0,0,0,0,0,,,,0,,,,,,,3,,,,,,,,,,,,,,,
150,502,2019/11/30,10801021529,103463,JAFA,4500271420,,1,1,2019/11/30,PC,32.4,1,660,21384,1,DZ7,,,,ｶｺﾞﾋﾟﾝB,,P2166-67470,0,,1,D253,4--,,2019/12/11,660,271420,,,2,1,0,0,3,,,,,,,,,4500271420,JAFA/J/D253,JAFA/J/D253,JｸｻﾂBI/D253ｼﾞｭﾝﾋﾞ(ｻﾝｺｰ)/,,,,,,,,,,,,,,,0,0,0,0,,,,,,,,,,,0,,,,0,0,0,0,0,0,0,0,0,0,0,0,0,0,0,0,0,0,0,0,,,,0,,,,,,,3,,,,,,,,,,,,,,,
151,502,2019/11/30,10801021529,103463,JAFA,4500271421,,1,1,2019/11/30,PC,32.4,1,1380,44712,1,DZ7,,,,ｶｺﾞﾋﾟﾝB,,P2166-67470,0,,1,D253,4--,,2019/12/12,1380,271421,,,2,1,0,0,3,,,,,,,,,4500271421,JAFA/J/D253,JAFA/J/D253,JｸｻﾂBI/D253ｼﾞｭﾝﾋﾞ(ｻﾝｺｰ)/,,,,,,,,,,,,,,,0,0,0,0,,,,,,,,,,,0,,,,0,0,0,0,0,0,0,0,0,0,0,0,0,0,0,0,0,0,0,0,,,,0,,,,,,,3,,,,,,,,,,,,,,,
152,502,2019/11/30,10801021529,103463,JAFA,4500271422,,1,1,2019/11/30,PC,32.4,1,720,23328,1,DZ7,,,,ｶｺﾞﾋﾟﾝB,,P2166-67470,0,,1,D253,4--,,2019/12/13,720,271422,,,2,1,0,0,3,,,,,,,,,4500271422,JAFA/J/D253,JAFA/J/D253,JｸｻﾂBI/D253ｼﾞｭﾝﾋﾞ(ｻﾝｺｰ)/,,,,,,,,,,,,,,,0,0,0,0,,,,,,,,,,,0,,,,0,0,0,0,0,0,0,0,0,0,0,0,0,0,0,0,0,0,0,0,,,,0,,,,,,,3,,,,,,,,,,,,,,,
153,502,2019/11/30,10801021529,103463,JAFA,4500271423,,1,1,2019/11/30,PC,32.4,1,1170,37908,1,DZ7,,,,ｶｺﾞﾋﾟﾝB,,P2166-67470,0,,1,D253,4--,,2019/12/16,1170,271423,,,2,1,0,0,3,,,,,,,,,4500271423,JAFA/J/D253,JAFA/J/D253,JｸｻﾂBI/D253ｼﾞｭﾝﾋﾞ(ｻﾝｺｰ)/,,,,,,,,,,,,,,,0,0,0,0,,,,,,,,,,,0,,,,0,0,0,0,0,0,0,0,0,0,0,0,0,0,0,0,0,0,0,0,,,,0,,,,,,,3,,,,,,,,,,,,,,,
154,502,2019/11/30,10801021529,103463,JAFA,4500271424,,1,1,2019/11/30,PC,32.4,1,750,24300,1,DZ7,,,,ｶｺﾞﾋﾟﾝB,,P2166-67470,0,,1,D253,4--,,2019/12/17,750,271424,,,2,1,0,0,3,,,,,,,,,4500271424,JAFA/J/D253,JAFA/J/D253,JｸｻﾂBI/D253ｼﾞｭﾝﾋﾞ(ｻﾝｺｰ)/,,,,,,,,,,,,,,,0,0,0,0,,,,,,,,,,,0,,,,0,0,0,0,0,0,0,0,0,0,0,0,0,0,0,0,0,0,0,0,,,,0,,,,,,,3,,,,,,,,,,,,,,,
155,502,2019/11/30,10801021529,103463,JAFA,4500271425,,1,1,2019/11/30,PC,9.97,1,4000,39880,1,DZ7,,,,ﾀﾝｸｳｹｽﾃｰA (R),,P1126-93010,0,,2,21000427,4--,,2019/12/18,4000,271425,,,2,1,0,0,3,,,,,,,,,4500271425,JAFA//21000427A,JAFA//21000427A,/KKﾀﾞｲｼﾞ/,,,,,,,,,,,,,,,0,0,0,0,,,,,,,,,,,0,,,,0,0,0,0,0,0,0,0,0,0,0,0,0,0,0,0,0,0,0,0,,,,0,,,,,,,1,,,,,,,,,,,,,,,
156,502,2019/11/30,10801021529,103463,JAFA,4500271426,,1,1,2019/11/30,PC,9.97,1,2000,19940,1,DZ7,,,,ﾀﾝｸｳｹｽﾃｰA (R),,P1126-93010,0,,2,21000427,4--,,2019/12/20,2000,271426,,,2,1,0,0,3,,,,,,,,,4500271426,JAFA//21000427A,JAFA//21000427A,/KKﾀﾞｲｼﾞ/,,,,,,,,,,,,,,,0,0,0,0,,,,,,,,,,,0,,,,0,0,0,0,0,0,0,0,0,0,0,0,0,0,0,0,0,0,0,0,,,,0,,,,,,,1,,,,,,,,,,,,,,,
157,502,2019/11/30,10801021529,103463,JAFA,4500271427,,1,1,2019/11/30,PC,9.97,1,5200,51844,1,DZ7,,,,ﾀﾝｸｳｹｽﾃｰA (R),,P1126-93010,0,,2,21000427,4--,,2019/12/24,5200,271427,,,2,1,0,0,3,,,,,,,,,4500271427,JAFA//21000427A,JAFA//21000427A,/KKﾀﾞｲｼﾞ/,,,,,,,,,,,,,,,0,0,0,0,,,,,,,,,,,0,,,,0,0,0,0,0,0,0,0,0,0,0,0,0,0,0,0,0,0,0,0,,,,0,,,,,,,1,,,,,,,,,,,,,,,
158,502,2019/11/30,10801021529,103463,JAFA,4500271428,,1,1,2019/11/30,PC,5.6,1,1800,10080,1,DZ7,,,,ﾗｯﾁA,,P2131-93020,0,,1,D250,4--,,2019/12/17,1800,271428,,,2,1,0,0,3,,,,,,,,,4500271428,JAFA/J/D250,JAFA/J/D250,JｸｻﾂBI/D250ｼﾞｭﾝﾋﾞ(ﾄｯﾌﾟﾏｰｸ)/,,,,,,,,,,,,,,,0,0,0,0,,,,,,,,,,,0,,,,0,0,0,0,0,0,0,0,0,0,0,0,0,0,0,0,0,0,0,0,,,,0,,,,,,,3,,,,,,,,,,,,,,,
159,502,2019/11/30,10801021529,103463,JAFA,4500271429,,1,1,2019/11/30,PC,5.6,1,1200,6720,1,DZ7,,,,ﾗｯﾁA,,P2131-93020,0,,1,D250,4--,,2019/12/18,1200,271429,,,2,1,0,0,3,,,,,,,,,4500271429,JAFA/J/D250,JAFA/J/D250,JｸｻﾂBI/D250ｼﾞｭﾝﾋﾞ(ﾄｯﾌﾟﾏｰｸ)/,,,,,,,,,,,,,,,0,0,0,0,,,,,,,,,,,0,,,,0,0,0,0,0,0,0,0,0,0,0,0,0,0,0,0,0,0,0,0,,,,0,,,,,,,3,,,,,,,,,,,,,,,
160,502,2019/11/30,10801021529,103463,JAFA,4500271430,,1,1,2019/11/30,PC,5.6,1,1200,6720,1,DZ7,,,,ﾗｯﾁA,,P2131-93020,0,,1,D250,4--,,2019/12/19,1200,271430,,,2,1,0,0,3,,,,,,,,,4500271430,JAFA/J/D250,JAFA/J/D250,JｸｻﾂBI/D250ｼﾞｭﾝﾋﾞ(ﾄｯﾌﾟﾏｰｸ)/,,,,,,,,,,,,,,,0,0,0,0,,,,,,,,,,,0,,,,0,0,0,0,0,0,0,0,0,0,0,0,0,0,0,0,0,0,0,0,,,,0,,,,,,,3,,,,,,,,,,,,,,,
161,502,2019/11/30,10801021529,103463,JAFA,4500271431,,1,1,2019/11/30,PC,5.6,1,1200,6720,1,DZ7,,,,ﾗｯﾁA,,P2131-93020,0,,1,D250,4--,,2019/12/20,1200,271431,,,2,1,0,0,3,,,,,,,,,4500271431,JAFA/J/D250,JAFA/J/D250,JｸｻﾂBI/D250ｼﾞｭﾝﾋﾞ(ﾄｯﾌﾟﾏｰｸ)/,,,,,,,,,,,,,,,0,0,0,0,,,,,,,,,,,0,,,,0,0,0,0,0,0,0,0,0,0,0,0,0,0,0,0,0,0,0,0,,,,0,,,,,,,3,,,,,,,,,,,,,,,
162,502,2019/11/30,10801021529,103463,JAFA,4500271432,,1,1,2019/11/30,PC,5.6,1,1800,10080,1,DZ7,,,,ﾗｯﾁA,,P2131-93020,0,,1,D250,4--,,2019/12/23,1800,271432,,,2,1,0,0,3,,,,,,,,,4500271432,JAFA/J/D250,JAFA/J/D250,JｸｻﾂBI/D250ｼﾞｭﾝﾋﾞ(ﾄｯﾌﾟﾏｰｸ)/,,,,,,,,,,,,,,,0,0,0,0,,,,,,,,,,,0,,,,0,0,0,0,0,0,0,0,0,0,0,0,0,0,0,0,0,0,0,0,,,,0,,,,,,,3,,,,,,,,,,,,,,,
163,502,2019/11/30,10801021529,103463,JAFA,4500271433,,1,1,2019/11/30,PC,5.6,1,1800,10080,1,DZ7,,,,ﾗｯﾁA,,P2131-93020,0,,1,D250,4--,,2019/12/24,1800,271433,,,2,1,0,0,3,,,,,,,,,4500271433,JAFA/J/D250,JAFA/J/D250,JｸｻﾂBI/D250ｼﾞｭﾝﾋﾞ(ﾄｯﾌﾟﾏｰｸ)/,,,,,,,,,,,,,,,0,0,0,0,,,,,,,,,,,0,,,,0,0,0,0,0,0,0,0,0,0,0,0,0,0,0,0,0,0,0,0,,,,0,,,,,,,3,,,,,,,,,,,,,,,
164,502,2019/11/30,10801021529,103463,JAFA,4500271434,,1,1,2019/11/30,PC,7.84,1,1000,7840,1,DZ7,,,,ﾌﾀｽﾄｯﾊﾟ-A,,P1141-34200,0,,2,21003501,4--,,2019/12/12,1000,271434,,,2,1,0,0,3,,,,,,,,,4500271434,JAFA//21003501A,JAFA//21003501A,/ﾖｼｶﾜｶｾｲ KK/,,,,,,,,,,,,,,,0,0,0,0,,,,,,,,,,,0,,,,0,0,0,0,0,0,0,0,0,0,0,0,0,0,0,0,0,0,0,0,,,,0,,,,,,,1,,,,,,,,,,,,,,,
,,,,,,,,,,,,,,,,,,,,,,,,,,,,,,,,,,,,,,,,,,,,,,,,,,,,,,,,,,,,,,,,,,,,,,,,,,,,,,,,,,,,,,,,,,,,,,,,,,,,,,,,,,,,,,,,,,,,,,,,,,,,,,,,,
